module	cluster
os	0
sys	0
re	0
string	8
perf_trace_context	8
Core	8
Util	8
thread	6
time	0
gdb	8
distutils	8
math	7
subprocess	0
random	0
ctypes	2
glob	8
unittest	0
shutil	0
logging	0
inspect	8
__future__	0
timeit	7
numpy	7
struct	8
platform	8
commands	0
datetime	4
app	0
flask	4
peewee	0
tornado	0
asyncio	0
cv2	7
networkx	7
functools	9
nose	0
django	4
home	0
traceback	6
configobj	0
urlparse	3
types	3
curses	8
lib	6
pwd	6
fcntl	0
threading	6
csv	4
argparse	0
bisect	2
rope	0
pyflakes	0
difflib	2
_ast	0
warnings	8
itertools	8
vim	0
tests	9
bottle	0
json	4
collections	0
wave	0
shlex	8
wx	7
click	0
setuptools	9
lxml	4
abc	9
_version	0
configparser	0
matplotlib	7
sqlite3	2
socket	6
twisted	6
ansible	0
copy	8
pytest	9
operator	8
fnmatch	2
pandas	7
error	6
util	1
product	5
PIL	4
io	8
selenium	4
config	6
errno	3
mock	9
paths	0
lasagne	7
theano	7
log	0
utils	6
cPickle	3
logger	0
default	0
configuration	0
layers	0
data	0
idc	0
idautils	0
idaapi	0
encodings	8
keyword	2
editor	0
magic	0
pygments	5
decimal	4
ssl	6
parse	0
path	4
usb	0
StringIO	3
new	6
setup	0
zipfile	3
pprint	6
cStringIO	3
plugin	0
launcher	0
locale	2
signal	6
OpenSSL	6
globals	0
tempfile	0
select	2
pyasn1	6
codecs	3
unicodedata	2
http_client	5
fileinput	1
getopt	2
urllib2	6
base64	3
view	0
generator	0
requests	4
shell	5
version	1
httplib	3
helpers	0
stat	2
serial	6
param	0
arducopter	0
common	1
mavutil	0
rotmat	0
pexpect	5
mavwp	0
LogAnalyzer	0
cgi	3
DataflashLog	5
qgis	0
processing	0
PyQt4	7
urllib	6
importlib	9
stats	0
gtest_test_utils	5
sets	6
cmd	0
ws4py	0
calendar	3
textwrap	2
contextlib	9
db	0
sqlalchemy	9
multiprocessing	8
MySQLdb	0
gconf	0
user	0
fabric	0
nltk	7
pycurl	1
imp	2
xmlreader	8
md5	3
handler	2
xml	6
_exceptions	8
gzip	5
optparse	5
sha	2
uuid	9
tarfile	8
docker	0
Queue	6
bencode	0
pygeoip	4
hmac	3
search	4
SimpleXMLRPCServer	0
hashlib	6
metadata	0
pickle	2
enum	0
mongoengine	4
iso8601	0
jira	0
mopidy	0
simplejson	6
zlib	3
binascii	3
mako	4
nodes	0
exceptions	3
pyparsing	4
parser	8
zope	6
atexit	8
repoze	0
six	9
application	0
models	4
consts	0
cache	0
scrapy	0
dbus	0
webbrowser	3
speech_recognition	0
core	6
progress	0
wagtail	0
modelcluster	0
getpass	6
dateutil	4
xmlrpclib	6
yaml	9
pkgutil	8
HTMLParser	3
jinja2	1
semantic_version	0
interface	5
email	2
bson	4
zmq	0
errors	6
google	1
msgpack	0
Utils	0
smtplib	1
builtins	8
wand	0
rest_framework	4
fractions	0
sphinx	8
base	5
filecmp	5
sphinx_rtd_theme	0
ply	1
numbers	2
student	4
docutils	8
pelican	0
paste	9
werkzeug	4
alembic	9
pyramid	0
services	0
timedelta	0
settings	4
watchdog	0
subprocess32	0
apiclient	4
oauth2client	4
main	4
scipy	7
pylab	7
keras	7
ROOT	0
storm	0
shadowsocks	0
dns	6
SocketServer	3
transaction	0
dnslib	0
crontab	0
gevent	0
pkg_resources	9
doctest	2
wheel	0
py	8
site	0
posixpath	3
zipimport	2
pip	8
users	0
djcelery	0
taggit	4
wtforms	4
netaddr	9
redis	4
deploy	5
html	8
Crypto	6
ConfigParser	6
protorpc	5
vcr	0
datastore	0
mimetypes	3
endpoints	0
colorama	0
script	0
pygraphviz	0
heapq	8
whoosh	0
cgitb	5
array	2
sgmllib	1
scapy	0
asyncore	2
thinkplot	0
shelve	8
hypothesis	0
tkFileDialog	8
Tkinter	2
markdown	4
nbconvert	0
pipes	1
pytz	4
keys	0
contracts	4
menpo	0
builder	5
gobject	6
pygtk	0
gtk	6
pymongo	4
tools	1
base58	0
openid	0
logbook	0
jsonpickle	0
feedparser	0
itsdangerous	0
mimeparse	0
boto	1
queue	8
gi	0
misc	5
views	4
database	0
urwid	0
bpy_extras	0
mathutils	0
bpy	0
bgl	0
bmesh	0
blf	0
mocks	0
h5py	7
infrastructure	0
excopy	0
hamcrest	0
cpp	5
sources	5
content	5
cookielib	3
license	5
SCons	5
marshal	2
quopri	2
weakref	2
gc	2
__builtin__	2
functions	0
__version__	0
headers	0
compat	6
info	0
clr	5
framework	5
ihooks	8
linecache	2
basic	0
sndhdr	2
copy_reg	8
Numeric	0
session	0
lib2to3	2
mpl_toolkits	7
grid	0
tkinter	8
gettext	6
sklearn	7
filters	0
beaker	0
BaseHTTPServer	3
ImageDraw	0
TTransport	6
bs4	4
Image	0
module	1
thrift	6
sockjs	0
bin	0
pdb	8
cffi	0
cmath	8
statsmodels	0
astropy	0
utilities	1
maya	0
PySide	0
colors	0
gdata	6
connection	0
model	1
graphviz	0
eventlet	9
prettytable	0
celery	4
cryptography	0
pyspark	0
oauthlib	4
isodate	0
psutil	1
ast	5
Common	0
azure	0
paramiko	0
testutils	0
bluetooth	0
httpretty	4
rest_framework_jwt	0
Bio	7
ipaddress	0
jsonrpc	0
gnupg	0
bitarray	0
flaskext	0
decorators	0
socks	0
DNS	0
results	0
debug	0
visual	0
psycopg2	4
tablib	0
win32api	5
win32con	5
win32event	5
win32file	5
win32security	5
win32process	5
library	0
xbmc	6
cProfile	0
htmlentitydefs	6
pstats	0
xbmcplugin	6
xbmcaddon	6
xbmcgui	6
xbmcvfs	6
unidecode	4
pyglet	0
kivy	0
tweepy	0
suds	0
future	1
test_framework	0
imghdr	0
shared	0
ntpath	1
ndg	6
shapefile	0
gen	0
ttypes	0
xdrlib	0
memory	0
example	0
test	2
api	4
custom	0
readline	0
requests_mock	0
osgeo	0
impacket	0
template	0
web	0
rpy2	0
pysam	0
Tools	0
code	1
py2exe	0
textblob	0
backend	0
syslog	0
polib	0
docopt	0
rospy	0
geometry_msgs	0
sensor_msgs	0
SimpleHTTPServer	6
CGIHTTPServer	0
src	0
grp	6
pygame	0
sublime_plugin	0
sublime	0
traitlets	0
accounts	0
simple_history	0
pages	4
factory	4
server	6
flask_login	4
pymc	0
RPi	0
retrying	0
flask_migrate	0
kombu	0
ujson	0
geoalchemy2	0
nose2	0
webapp	0
twitter	0
gst	0
slumber	0
process	0
ImageFile	0
IPython	7
xlrd	0
const	0
storage	6
__init__	0
clang	0
raven	0
furl	0
chardet	0
aiohttp	0
invoke	0
scripts	0
github3	0
website	5
elasticsearch	4
markupsafe	4
xmltodict	0
cassandra	0
routes	9
websocket	0
parsing	0
regex	0
gensim	0
OpenGL	0
mimetools	8
ElementTree	6
pybindgen	0
waflib	0
formatter	1
install_emulator_deps	1
AES	6
path_util	1
object_store_creator	1
metrics	1
telemetry	1
slave	1
httplib2	1
constants	6
mercurial	5
compiled_file_system	1
getos	1
schema_util	5
appengine_url_fetcher	1
htmllib	1
syscalls	1
layouttest_analyzer_helpers	1
data_source	1
sdk_update_common	1
command	5
google3	5
cr	1
webforms_aggregator	1
update_nacl_manifest	1
pywintypes	1
test_file_system	1
croc	1
rijndael	6
oshelpers	1
measurements	1
appengine_wrappers	1
url_constants	1
System	5
autotest	5
autofill_merge_common	5
gcs_file_system_provider	1
webapp2	1
anydbm	5
rules	5
idl_schema	1
idl_parser	1
mathtls	6
app_engine_handler	1
manifest_util	1
content_providers	1
archive	5
test_expectations_history	1
drivers	1
messages	6
google_api_keys	1
file_system	1
test_util	1
build_version	1
json_schema	1
extensions_paths	1
trend_graph	1
pylib	1
bug	1
download	1
build_paths	1
compiler	2
closure_linter	1
traffic_control	1
cryptomath	6
third_party	1
gflags	1
special_paths	1
tlslite	1
buildbot_common	1
_winreg	5
gyp	5
pydoc	7
runpy	0
keystoneclient	9
mox	5
oslo	0
horizon	0
openstack_dashboard	0
webob	9
neutronclient	9
mox3	0
oslo_service	9
oslo_utils	9
ncclient	0
oslo_log	9
oslo_messaging	9
neutron	9
oslo_config	9
events	6
mptt	0
unittest2	5
fixtures	9
csvkit	0
slugify	0
plugins	6
gunicorn	0
flask_restful	0
testconfig	0
jsonfield	4
notifications	0
ipware	0
blog	0
captcha	0
actstream	0
polls	0
comments	0
social	4
boto3	0
parsers	0
res_config	5
wizard	5
stock	5
account	4
purchase	5
osv	5
report	5
openerp	4
django_filters	0
tldextract	0
flask_wtf	0
responses	0
pika	0
nupic	0
versioneer	0
libcloud	0
botocore	0
benchmark	0
jsonschema	0
testtools	9
census	0
shapely	0
unicodecsv	4
yapsy	0
vis	0
guardian	0
tastypie	4
haystack	4
south	4
mod_python	5
sre_compile	5
ldap	0
winreg	0
telnetlib	0
rsa	6
protocol	6
apscheduler	0
guessit	0
repository	0
cherrypy	0
hachoir_core	0
rfc822	8
oauth2	1
git	0
markupbase	1
hachoir_parser	0
imdb	0
bitcoin	0
apsw	0
project	5
resources	6
autocomplete_light	0
filer	0
ckeditor	0
django_countries	4
names	0
desktop	0
sale_order	5
makohtml2html	5
controllers	5
mail_mail	5
invoice	5
google_calendar	5
uno	5
com	5
babel	4
odt2odt	5
render	5
ir_module	5
translate	5
ir_ui_view	5
membership_invoice	5
ir_actions	5
passlib	0
event	5
osutil	5
mrp_repair	5
rml2html	5
update	5
ir_qweb	5
base_import_module	5
rml2pdf	5
unohelper	5
reportlab	5
rml2txt	5
html2html	5
ir_http	5
git_command	0
git_refs	0
color	5
git_config	0
registry	0
monitor	0
BeautifulSoup	6
sulley	0
classes	0
blinker	0
pathlib	0
gui	0
java	8
apps	0
sip	0
ui	0
templates	0
tree	5
jedi	0
asynchat	2
handlers	0
pep8	0
libs	0
tensorflow	7
service	0
checks	0
pyVmomi	0
support	8
dpkt	0
test_base	5
bz2	2
forms	0
novaclient	9
oslo_policy	9
oslo_versionedobjects	9
taskflow	0
oslo_db	9
anyjson	0
ddt	4
greenlet	0
oslo_concurrency	9
oslo_serialization	9
tempest	9
oslo_middleware	9
oslo_reports	0
node	5
plotly	0
audioop	8
geocoder	0
sympy	0
smbus	0
babelfish	0
robotparser	6
Config	0
validate	0
geojson	0
skimage	7
girder	0
paver	4
model_utils	4
_gdb	0
_sre	8
_codecs_cn	2
_codecs_jp	2
_codecs_tw	2
_multibytecodec	2
PyQt5	0
crypt	0
spider	0
flask_mongoengine	0
memcache	4
basiclex	0
basparse	0
basinterp	0
calclex	0
pymavlink	0
sensor	0
Plugins	0
Components	0
urllib3	0
cement	0
atom	6
past	0
fontforge	0
braces	0
source	1
generate_jsdoc	0
context	0
urlresolver	0
authproxy	0
flask_oauthlib	0
oauth2_provider	4
resource	0
validator	0
sure	0
behave	0
pymysql	0
typing	0
arcpy	0
netCDF4	0
statistics	0
win32com	5
win32gui	5
qrcode	0
concurrent	8
tkMessageBox	2
ttk	8
libvirt	0
decorator	0
keystoneauth1	9
nibabel	0
luigi	0
arrow	0
dolfin	0
binhex	8
type	0
bjam	5
b2	5
_strptime	8
pgen2	8
_ssl	8
py_compile	8
_winapi	8
idlelib	2
_testcapi	8
_weakrefset	8
pybench	8
print	0
ColorDB	8
http	8
_osx_support	8
turtle	8
generators	5
dbm	8
modules	0
_ctypes	8
_pyio	8
sysconfig	2
tokenize	2
_tkinter	2
BoostBuild	5
mailbox	2
sequence	5
opcode	1
smtpd	0
printer	0
feature	5
cairo	0
analysis	0
mmap	8
zc	0
bitcoinrpc	0
mechanize	0
_util	6
rebulk	0
html5lib	4
Blender	0
vtk	0
pango	0
workflow	0
unipath	0
html2text	0
Draft	0
FreeCAD	0
format	0
FreeCADGui	0
Part	0
digress	0
cv	0
pyudev	0
conf	0
wsgiref	8
buildbot	0
helper	0
discord	0
environment	1
setting	0
tabulate	0
webtest	9
tf	0
numexpr	0
token	8
test_app	0
jwt	4
xmlrunner	1
org	8
jieba	0
webapp2_extras	5
catapult_base	1
mapreduce	5
apitools	5
testlib	0
pipeline	5
graphy	5
testutil	0
googleapiclient	5
gcloud	5
flaky	4
conftest	0
foo	8
pyximport	1
sre_parse	8
compound	0
gnuradio	0
indexsuper	0
autograd	0
rpython	0
uu	0
pyqode	0
controller	0
django_extensions	4
faker	0
converters	0
jsonrpclib	0
formencode	0
Xlib	0
amqp	0
console	0
yara	0
dataset	0
py4j	0
salt	0
colorsys	8
xdg	0
ethereum	0
options	1
crispy_forms	0
dj_database_url	0
testing	0
opaque_keys	4
fs	4
bok_choy	4
wiki	4
terrain	4
notes	4
capa	4
track	4
survey	4
config_models	4
certificates	4
courseware	4
pyquery	4
xmodule	4
lazy	4
edxmako	4
freezegun	4
moto	0
xblock	4
lms	4
course_modes	4
lettuce	4
locust	0
jsbeautifier	0
registration	0
schema	0
importer	0
pybuilder	0
sqlparse	0
TZmqServer	0
bitstring	0
Logger	0
plistlib	3
pygccxml	0
SimpleITK	0
requests_futures	0
flask_babel	0
flask_sqlalchemy	0
javax	8
jarray	0
pythoncom	5
winerror	5
zerorpc	0
libxml2	5
xbmcclient	0
flask_script	0
reprlib	8
i18n	0
request	0
__main__	8
ftplib	8
encoding	0
widgets	0
a	0
client	0
pydev_ipython	0
coverage	1
_io	8
c	0
fields	0
recommonmark	0
task	0
progressbar	0
Cython	1
mpi4py	0
blocks	0
socketserver	8
jnpr	0
exception	0
flexmock	0
output	0
netifaces	0
test_utils	1
kafka	0
stevedore	9
kazoo	0
subunit	0
github	0
theme	0
menus	0
pefile	0
pyaudio	0
lexer	5
build	5
lockfile	0
dis	8
tty	0
autobahn	0
jsonpath_rw	0
httmock	0
tables	0
pyqtgraph	0
pystache	0
device	0
cairocffi	0
testdata	0
sre_constants	8
couchdb	0
pylons	0
marshmallow	0
qiniu	0
fiona	0
blessings	0
jvm	0
androguard	0
apk	0
dvm	0
msign	0
rdflib	0
paho	0
pyinotify	0
pymel	0
plumbum	0
rpyc	0
ipdb	0
natsort	0
enigma	0
commons	0
M2Crypto	0
dashboard	5
_multiprocessing	2
alabaster	0
network	0
led	0
tkFont	8
cvxopt	0
_urllib2_fork	6
_sockettimeout	6
_sgmllib_copy	6
_html	6
_response	6
_rfc3986	6
_headersutil	6
_request	6
mayavi	0
pycuda	0
ycm_core	0
history	0
parameters	0
mutagen	0
wikipedia	0
whitenoise	0
features	0
_compat_pickle	8
copyreg	8
chunk	8
genericpath	8
oslotest	9
pbr	9
TestCmd	5
property	0
toolset	0
fontTools	0
converter	0
panda3d	0
direct	0
py2neo	0
construct	0
text	0
junitxml	0
reader	0
sentry	0
cx_Freeze	0
lmdb	0
caffe	7
actions	0
scheduler	0
resources_rc	0
ckan	0
migrate	0
unix	0
configurator	0
sqlalchemy_utils	0
ipaddr	0
pickletools	2
_json	8
symtable	8
modulefinder	2
whichdb	8
future_builtins	8
imaplib	5
load	0
_yaml	0
browser	0
django_nose	0
testfixtures	0
start	5
partner	5
odf	5
simple	5
rating	5
security	5
xlwt	0
pyxb	0
mx	0
pycparser	0
translation	0
mysql	0
nacl	0
daemon	0
net	0
interfaces	0
tkColorChooser	8
tracetool	0
MSCommon	5
rospkg	0
roslib	0
gluon	0
timer	0
allauth	0
cms	4
oscar	0
parsedatetime	0
Standard_Suite	8
UserList	8
test_all	8
_Launch	8
poplib	8
MacOS	8
_Folder	8
StdSuites	8
_AE	8
pnl	8
aetools	8
Controls	8
Carbon	8
netrc	8
test_functions	8
dumbdbm	8
somecode	8
pdfminer	0
environ	0
glib	0
logic	0
jnius	0
fuse	0
pygit2	0
system	0
icalendar	0
rq	0
astroid	1
pylint	1
symposion	0
reversion	4
timezones	0
flask_security	0
_mysql_exceptions	0
genshi	0
libfuturize	0
treewizard	0
engine	0
antlr3	0
pyVim	0
numba	0
requests_oauthlib	0
rethinkdb	0
ryu	0
mininet	0
influxdb	0
termios	0
IPy	0
seaborn	0
samba	0
inc_cfg	0
Logs	0
inc_sdp	0
Constants	0
inc_const	0
rfc3454	0
ldb	0
generate	0
Options	1
inc_sip	0
glue	0
Build	0
pyfits	0
proboscis	0
TestCommon	0
pattern	0
actionlib	0
std_msgs	0
Face	0
FileGenerator	0
WidgetGen	0
crypto	0
auth	5
django_webtest	0
facebook	0
bleach	4
openpyxl	0
praw	0
game	0
ldap3	0
cli	0
collectd	0
elftools	5
mojom	1
cpp_generator	1
diff_util	1
host_file_system_iterator	1
logilab	1
url_fetcher	1
gpu_tests	1
cpp_type_generator	1
branch_utility	1
template_renderer	1
fetch_build	1
schema_processor	1
aggregate_generated_bindings	1
webkitpy	1
symbol_extractor	1
api_models	1
local_file_system	1
schema_loader	1
table_of_contents_renderer	1
bisect_state	1
Naming	1
processor	5
platform_util	1
features_bundle	1
v8_attributes	5
jsc_view	1
Scanning	1
api_list_data_source	1
cython	1
page_sets	1
v8_globals	1
v8_utilities	1
prefetch_view	1
platform_bundle	1
ttest	1
Builtin	1
symbol	1
cpp_namespace_environment	1
samples_data_source	1
test_branch_utility	1
path_canonicalizer	1
jsbundler	1
webstore_extension_util	1
request_dependencies_lens_unittest	1
bisect_utils	1
idl_ppapi_lexer	1
treescan	1
benchmarks	1
ParseTreeTransforms	1
devil	1
check_orderfile	1
certutils	1
ExprNodes	1
PyrexTypes	1
fieldtrial_util	1
adb_install_cert	1
profile_creators	1
ispy	1
Nodes	1
request_track	1
mock_file_system	1
cygprofile_utils	1
tracing	5
request_dependencies_lens	1
web_dev_style	1
json_parse	1
StringEncoding	1
host_file_system_provider	1
typ	1
find_depot_tools	1
landmine_utils	5
chromoting_test_utilities	1
empty_dir_file_system	1
UtilNodes	1
mod_pywebsocket	1
v8_types	1
subprocess2	1
cpp_bundle_generator	1
pretty_print	1
docs_server_utils	1
test_projects	1
memory_inspector	1
parse_dsc	1
test_object_store	1
grit	1
gdb_helper	1
cryptauth	1
document_renderer	1
generate_manifest	1
devtools_monitor	1
test_data	1
js_externs_generator	1
scm	1
print_style	1
idl_node	1
devil_chromium	1
generate_make	1
Code	1
idl_types	1
appengine_blobstore	1
Errors	1
DebugFlags	1
test_env	5
cros	1
bisect_results	1
pack	1
js_interface_generator	1
api_data_source	1
Symtab	1
bisect_perf_regression	1
Visitor	1
math_utils	1
source_control	1
chrome_proxy_metrics	1
chrome_telemetry_build	1
tokens	5
defusedxml	0
picamera	0
tasks	0
certifi	0
sickbeard	0
rtorrent	0
dogpile	0
pysrt	0
appdirs	0
utility	0
testbase	0
enums	5
chat	0
profile	0
easy_thumbnails	0
saga	0
series	0
dill	0
sched	0
sql	0
_fileio	8
bdb	8
repr	0
hotshot	0
TaskGen	0
pyb	0
midi	0
pecan	9
django_tables2	0
trace	8
falcon	0
cliff	0
SublimeLinter	0
funcy	0
liblinear	0
notification	0
termcolor	0
w3lib	0
extensions	0
helper_functions	5
posix	0
vanilla	0
GlyphsApp	0
twilio	0
model_mommy	0
phonenumber_field	0
ez_setup	0
pex	0
intelhex	0
ycmd	0
crawler	0
entity	0
dulwich	0
png	5
lldb	0
_weakref	0
pins_af	0
pkg3	0
_socket	0
bench	0
pkg2	0
image	0
formtools	0
datasets	0
fast_rcnn	0
_init_paths	0
test_net	0
video	0
dummy_thread	8
mrjob	0
mesos	0
_pytest	0
z3	0
FileObject	6
env	0
flask_admin	0
flask_mail	0
gridfs	0
Cookie	6
checker	0
rpm	0
makefreeze	8
bkfile	8
makeconfig	8
checkextensions	8
_ctypes_test	8
lzma	8
parsesetup	8
makemakefile	8
vobject	0
objc	0
testapp	0
TestGyp	5
pyftpdlib	5
flask_bootstrap	0
traitsui	0
traits	0
libstdcxx	5
test_helper	0
oauth	0
tzlocal	0
xarray	0
rdkit	0
gimpfu	0
tqdm	0
pyproj	0
Quartz	0
AppKit	0
Foundation	0
parler	0
voluptuous	0
mne	0
myhdl	0
vispy	0
scanner	5
jmespath	0
sunau	8
macholib	8
UserString	8
defaults	0
_sqlite3	8
gitutil	0
cluster	0
joblib	0
django_dynamic_fixture	0
eve	0
webassets	0
validators	0
vcf	0
index	0
serializer	0
pyDes	0
bench_util	5
oauth2_plugin	5
validation	0
examples	0
Autodesk	0
antlr4	0
xmlrpc	0
webhelpers	0
popen2	0
hodlib	0
dumper	0
loader	0
pyes	0
key	0
bucket	0
state	0
meta	0
preprocessors	0
odict	0
bindings	0
dj_static	0
pbkdf2	0
UserDict	8
oslo_i18n	9
icons_rc	0
capstone	0
django_jinja	0
profiles	0
twython	0
_init_environment	5
mc	0
package	0
jpype	0
catkin_pkg	0
remote	5
spacy	0
avocado	0
dotenv	0
clint	0
fortran	0
sorl	0
parse_core	5
dialog	0
mezzanine	0
xmpp	0
gio	0
beets	0
compileall	8
Cheetah	0
conda_build	0
skbio	0
cobra	0
bokeh	0
toolz	0
dask	0
testscenarios	9
pty	0
scikits	0
librosa	0
robot	0
rasterio	0
braintree	0
prompt_toolkit	0
distance	0
beat	0
secrets	0
docscrape_sphinx	0
PyInstaller	0
dragonfly	0
llfuse	0
debug_toolbar	0
appconf	0
_base	0
graph	0
ovs	0
pyasn1_modules	0
appengine_config	5
cattle	0
Pyro	0
caching	0
chainer	0
mistune	0
grpc	0
sync	0
sh	0
simtk	0
mdtraj	0
objects	0
proxy	0
etcd	0
message	0
charsetgroupprober	6
langhungarianmodel	6
langcyrillicmodel	6
codingstatemachine	6
sbcharsetprober	6
langhebrewmodel	6
langgreekmodel	6
mbcssm	6
mbcharsetprober	6
charsetprober	6
hebrewprober	6
langbulgarianmodel	6
langthaimodel	6
chardistribution	6
lit	0
fuzzywuzzy	0
formatting	0
formula	0
xldate	0
timemachine	0
sheet	0
filebrowser	0
biffh	0
namespaces	5
avro	0
element	0
compdoc	0
cloudify	0
jingo	0
splinter	0
keyring	0
flask_assets	0
playhouse	0
colour	0
vstruct	0
conda	0
ethernet	0
dropbox	0
images	0
newrelic	0
alsaaudio	0
myapp	0
yum	0
txaio	0
filter	5
template_expander	5
in_generator	5
idl_definitions	5
hashids	0
decouple	0
display	0
llvmbuild	0
rpc	0
obspy	0
_curses_panel	8
android	0
ecdsa	0
grammar	0
elasticsearch_dsl	0
sphinx_bootstrap_theme	0
urls	0
uritemplate	0
statsd	0
tagging	0
wsme	9
stripe	0
sniffer	0
learning	0
graphql	0
import_export	0
paypal	0
localflavor	0
ns	0
nolearn	0
nova	0
runner	0
dna	0
Helpers	0
mwparserfromhell	0
frontend	0
xlsxwriter	0
geopy	0
waffle	0
books	0
pandocfilters	0
pint	0
pyface	0
comtypes	0
pants	0
pyethash	0
nose_parameterized	0
rlp	0
test_pcp	5
pyotp	0
picklefield	0
mpmath	0
sample	0
generic	0
webapi	0
extra	0
pylearn2	0
robofab	0
zipline	0
signals	0
cloudpickle	0
pulsar	0
nbformat	0
hyperopt	0
uncertainties	0
geometry	0
mpld3	0
xbmcswift2	0
openravepy	0
optionaldict	0
groundhog	0
cachetools	0
commonware	0
session_csrf	0
Ice	0
copytext	0
app_config	0
render_utils	0
wsmeext	0
openstack	0
keystonemiddleware	0
oslo_context	0
glanceclient	0
tempest_lib	0
oslo_vmware	0
heatclient	0
debtcollector	0
neutron_lib	0
install_venv_common	0
cinderclient	0
ironicclient	0
swiftclient	0
futurist	0
openstackclient	0
swift	0
sphinx_me	0
