module,repo_count
os,9562
sys,8460
re,4274
time,4239
__future__,3418
logging,3121
json,2868
datetime,2733
unittest,2455
subprocess,2315
collections,1964
django,1944
numpy,1833
random,1695
shutil,1568
math,1398
tempfile,1391
argparse,1371
threading,1282
setuptools,1269
socket,1247
itertools,1203
copy,1160
string,1104
functools,1058
traceback,1033
struct,1026
urllib,1005
hashlib,997
glob,915
requests,911
warnings,799
six,789
base64,777
optparse,770
xml,751
mock,734
distutils,721
pytest,697
operator,681
io,663
errno,661
uuid,650
inspect,649
codecs,628
types,604
flask,589
urllib2,577
matplotlib,564
platform,557
scipy,536
signal,535
contextlib,503
urlparse,492
StringIO,483
csv,469
pprint,468
nose,465
utils,449
pickle,402
multiprocessing,392
sqlalchemy,389
binascii,384
Util,373
Core,373
perf_trace_context,370
textwrap,367
ctypes,361
stat,358
thread,354
zipfile,340
getopt,330
yaml,326
abc,325
shlex,324
cStringIO,323
tests,317
pandas,316
decimal,308
pkg_resources,298
config,293
cPickle,293
ConfigParser,290
util,286
fnmatch,285
imp,281
common,271
select,257
weakref,247
lxml,243
getpass,240
httplib,239
twisted,239
importlib,239
jinja2,236
email,235
gzip,231
Queue,230
dateutil,229
sqlite3,228
zlib,226
sklearn,223
google,214
sets,214
tornado,203
rest_framework,201
PIL,201
cgi,197
bs4,196
gtest_test_utils,196
mimetypes,194
tarfile,192
pytz,190
PyQt4,188
locale,184
hmac,184
werkzeug,181
ast,179
posixpath,176
gc,176
array,176
unicodedata,174
south,170
gettext,168
atexit,164
models,158
bisect,150
calendar,150
lib,146
difflib,141
simplejson,141
ssl,135
pylab,131
theano,130
core,126
webbrowser,126
gi,125
alembic,125
settings,124
asyncio,122
click,122
test,120
oslo_config,117
redis,115
commands,114
smtplib,112
pymongo,112
celery,107
SocketServer,106
doctest,104
numbers,104
docutils,103
enum,102
boto,102
fileinput,101
fcntl,99
zope,98
gtk,98
oslo_log,97
pwd,96
pkgutil,95
sublime,95
base,94
app,94
pygments,94
wx,94
oslo_utils,93
selenium,92
gevent,91
sphinx,91
heapq,91
openerp,90
api,89
pdb,89
cookielib,89
BaseHTTPServer,88
testtools,87
httplib2,86
cv2,85
fabric,85
builtins,85
serial,84
unittest2,83
exceptions,82
bson,78
__builtin__,77
wtforms,76
HTMLParser,76
md5,76
constants,75
networkx,75
gobject,74
psutil,74
webob,73
MySQLdb,73
pygame,73
sublime_plugin,72
OpenSSL,72
Crypto,72
concurrent,71
timeit,71
h5py,70
psycopg2,70
configparser,69
helpers,69
marshal,68
tokenize,68
future,67
htmlentitydefs,66
bz2,66
dbus,65
PyQt5,65
xmlrpclib,65
markdown,65
Tkinter,64
queue,63
netaddr,63
eventlet,62
asyncore,59
nltk,59
tools,59
gyp,58
plistlib,56
bpy,56
xbmc,55
oslo_serialization,54
mpl_toolkits,54
pip,54
webapp2,54
code,54
scrapy,54
BeautifulSoup,53
ntpath,53
PySide,53
pyasn1,53
http,53
pyspark,53
zmq,53
linecache,53
tensorflow,52
IPython,51
docopt,51
wsgiref,51
fixtures,49
main,49
data,49
web,49
model,49
errors,47
gdb,47
elasticsearch,47
error,47
sgmllib,47
mmap,46
xbmcgui,46
oauth2client,46
dns,45
py,45
pexpect,44
bottle,44
ansible,44
log,43
haystack,43
cherrypy,43
pipes,43
grp,43
thrift,43
mako,42
filecmp,42
pyramid,42
quopri,42
Cython,41
modules,41
parser,41
_multibytecodec,41
paramiko,41
curses,41
compiler,40
Image,40
factory,40
_codecs_jp,39
scapy,39
_codecs_cn,39
_codecs_tw,39
colorama,39
content,38
sources,38
token,38
resources,38
keyword,38
views,37
aiohttp,37
server,37
mongoengine,37
zipimport,37
markupbase,37
jsonrpc,37
cProfile,37
xbmcaddon,36
colorsys,36
java,36
sympy,35
pyparsing,35
sha,35
db,35
sndhdr,34
Bio,34
shelve,34
webtest,34
version,34
pbr,34
babel,34
cairo,34
html,34
docker,33
neutron,33
keras,33
stevedore,33
sphinx_rtd_theme,33
sre_constants,33
tempest,33
RPi,32
jsonschema,32
helper,32
shapely,32
apiclient,32
pycurl,32
SimpleHTTPServer,32
feedparser,32
lib2to3,32
typing,31
oslo_messaging,31
oslo_db,31
pstats,31
fractions,31
utilities,31
skimage,31
zc,31
project,30
flask_login,30
SCons,30
rospy,30
gui,30
tastypie,30
cmd,30
UserDict,30
__main__,30
pydoc,30
jsonfield,30
plugins,29
oslotest,29
boto3,29
mimetools,29
xlrd,29
pango,29
coverage,29
taggit,29
kivy,29
Cookie,29
py_compile,29
OpenGL,28
pecan,28
asynchat,28
support,28
configobj,28
events,28
gflags,28
pathlib,28
opcode,28
src,28
logger,28
forms,28
mathutils,27
novaclient,27
ui,27
cryptography,27
misc,27
responses,27
handler,26
pygtk,26
paste,26
telnetlib,26
arrow,26
handlers,26
tkinter,26
sysconfig,26
resource,26
caffe,26
twitter,25
chardet,25
test_framework,25
libs,25
osgeo,25
lasagne,25
storage,25
org,25
reportlab,25
routes,25
httpretty,25
horizon,25
gensim,24
compound,24
neutronclient,24
auth,24
users,24
path,24
rdflib,24
progressbar,24
indexsuper,24
cffi,24
apps,24
framework,24
readline,24
transaction,24
command,24
pysam,24
unidecode,24
pika,23
kombu,23
suds,23
formatter,23
compat,23
keystoneclient,23
Utils,23
botocore,23
mutagen,23
django_extensions,23
behave,23
qgis,23
client,23
unicodecsv,23
ipaddress,23
oslo_service,23
_tkinter,23
tweepy,22
account,22
dis,22
bleach,22
tkMessageBox,22
mailbox,22
ply,22
hamcrest,22
peewee,22
site,22
_yaml,22
freezegun,21
copy_reg,21
html5lib,21
wagtail,21
termios,21
module,21
xmlreader,21
seaborn,21
new,21
oslo_concurrency,21
oauthlib,21
astropy,21
test_utils,21
ftplib,21
TestCommon,21
git,21
node,20
bitcoin,20
pywintypes,20
gdata,20
imghdr,20
past,20
flask_wtf,20
cms,20
prettytable,20
mox,20
com,20
setup,20
oslo_i18n,20
win32api,20
gnuradio,20
py2exe,20
vim,20
cliff,20
idlelib,20
vtk,19
conf,19
msgpack,19
urllib3,19
waflib,19
maya,19
encodings,19
sre_compile,19
database,19
decorator,19
ldap,19
rsa,19
mod_pywebsocket,19
ddt,19
autobahn,19
xlwt,19
source,19
System,19
pymysql,19
Options,18
sh,18
widgets,18
apscheduler,18
modulefinder,18
third_party,18
examples,18
clr,18
xmltodict,18
websocket,18
flask_restful,18
jedi,18
usb,18
messages,18
environment,18
TestGyp,18
rfc822,18
_multiprocessing,18
testing,18
mptt,18
ndg,18
pyximport,17
iso8601,17
libxml2,17
greenlet,17
htmllib,17
xbmcclient,17
ttk,17
win32con,17
testfixtures,17
_winreg,17
slugify,17
cgitb,17
requests_mock,17
SimpleXMLRPCServer,17
oauth2,17
tokens,17
beaker,17
__init__,17
google3,17
pyquery,17
httmock,17
xbmcplugin,17
backend,16
nibabel,16
pylint,16
_ast,16
pylons,16
M2Crypto,16
syslog,16
invoke,16
imaplib,16
requests_oauthlib,16
builder,16
toolz,16
shadowsocks,16
logbook,16
example,16
i18n,16
testscenarios,16
analysis,16
xbmcvfs,16
tkFileDialog,16
pyglet,16
clang,16
tables,16
debug,16
AppKit,16
interface,16
django_filters,16
mercurial,16
registration,16
cmath,16
javax,16
statistics,15
telemetry,15
social,15
chunk,15
ttypes,15
whoosh,15
UserList,15
_sre,15
braces,15
netCDF4,15
pylib,15
functions,15
idaapi,15
std_msgs,15
connection,15
closure_linter,15
tlslite,15
capstone,15
dbm,15
stats,15
regex,15
keystoneauth1,15
pickletools,15
search,15
bpy_extras,15
github,15
options,15
dj_database_url,14
openstack_dashboard,14
crispy_forms,14
flexmock,14
vis,14
audioop,14
atom,14
reversion,14
markupsafe,14
_util,14
metrics,14
astroid,14
genericpath,14
ez_setup,14
cpp,14
kafka,14
controllers,14
cassandra,14
icalendar,14
traits,14
model_utils,14
termcolor,14
_exceptions,14
Foundation,14
report,14
wsme,14
discord,14
roslib,14
wave,14
tkFont,14
ipaddr,14
ujson,14
jsbeautifier,14
paver,14
faker,14
raven,14
mechanize,13
datasets,13
smtpd,13
daemon,13
django_countries,13
migrate,13
magic,13
scripts,13
user,13
net,13
geometry_msgs,13
pyqtgraph,13
protocol,13
_weakrefset,13
TTransport,13
tty,13
basic,13
watchdog,13
pycparser,13
foo,13
webkitpy,13
blog,13
pipeline,13
socketserver,13
kazoo,13
tree,13
salt,13
FreeCAD,13
yapsy,13
drivers,13
_ctypes_test,13
TestCmd,13
arcpy,13
Numeric,13
statsmodels,13
_version,13
turtle,13
fontforge,13
lit,12
request,12
oslo,12
neutron_lib,12
website,12
bitcoinrpc,12
tabulate,12
Config,12
nova,12
pymel,12
oslo_context,12
utility,12
wizard,12
croc,12
configuration,12
appconf,12
googleapiclient,12
urwid,12
testutils,12
shell,12
Face,12
pybench,12
crypt,12
colors,12
blinker,12
idc,12
openid,12
color,12
rijndael,12
metadata,12
guardian,12
application,12
mopidy,12
symbol,12
blessings,12
ycm_core,12
libvirt,12
openpyxl,12
objc,12
djcelery,12
cx_Freeze,12
syscalls,12
accounts,12
wheel,12
cryptomath,12
protorpc,12
guessit,12
jwt,12
poplib,12
idl_parser,12
feature,12
cv,12
service,12
trend_graph,12
traffic_control,12
_ctypes,12
sip,12
itsdangerous,12
fontTools,12
netifaces,12
lexer,12
future_builtins,11
win32com,11
popen2,11
captcha,11
marshmallow,11
polib,11
workflow,11
test_util,11
cr,11
oslo_middleware,11
praw,11
DataflashLog,11
profile,11
pages,11
arducopter,11
pefile,11
controller,11
tzlocal,11
MSCommon,11
voluptuous,11
LogAnalyzer,11
hypothesis,11
_io,11
mistune,11
task,11
jsonrpclib,11
png,11
trace,11
state,11
wsmeext,11
lettuce,11
info,11
falcon,11
FileGenerator,11
geojson,11
uu,11
layouttest_analyzer_helpers,11
rotmat,11
bdb,11
parsers,11
smbus,11
memcache,11
_testcapi,11
mpi4py,11
AES,11
idl_node,11
ryu,11
filters,11
sensor_msgs,11
twilio,11
sure,11
rq,11
event,11
webforms_aggregator,11
traitsui,11
mavutil,11
fields,10
dashboard,10
exception,10
mininet,10
loader,10
features,10
sqlparse,10
_response,10
pyb,10
grit,10
services,10
test_all,10
mysql,10
copyreg,10
const,10
pymavlink,10
hotshot,10
gridfs,10
text,10
typ,10
py4j,10
classes,10
download,10
_request,10
test_expectations_history,10
netrc,10
fs,10
_html,10
idautils,10
find_depot_tools,10
render,10
versioneer,10
paths,10
rpc,10
pythoncom,10
digress,10
rules,10
parse,10
alabaster,10
wiki,10
bench,10
flask_script,10
catapult_base,10
win32gui,10
subunit,10
dogpile,10
nose_parameterized,10
debug_toolbar,10
xmlrunner,10
pygeoip,10
direct,10
test_base,10
ihooks,10
cinderclient,10
IPy,10
bmesh,10
oslo_versionedobjects,10
cython,10
gdb_helper,10
Part,10
_weakref,10
html2text,10
rethinkdb,10
pyaudio,10
posix,10
certifi,10
build,10
_base,10
rope,10
Errors,9
shared,9
paho,9
construct,9
nodes,9
robotparser,9
ImageDraw,9
webapp2_extras,9
FreeCADGui,9
tf,9
liblinear,9
socks,9
bug,9
pycuda,9
plugin,9
osv,9
measurements,9
file_system,9
qrcode,9
formencode,9
test_app,9
anyjson,9
joblib,9
monitor,9
ws4py,9
tqdm,9
cvxopt,9
build_paths,9
runpy,9
deploy,9
flask_sqlalchemy,9
frontend,9
testlib,9
_sqlite3,9
oshelpers,9
mox3,9
sdk_update_common,9
actions,9
sqlalchemy_utils,9
glib,9
flask_security,9
jingo,9
UserString,9
semantic_version,9
v8_globals,9
v8_utilities,9
clint,9
mayavi,9
compileall,9
pystache,9
_rfc3986,9
pyflakes,9
oslo_policy,9
ColorDB,9
ElementTree,9
getos,9
bisect_utils,9
consts,9
path_util,9
graph,9
parameters,9
v8_types,9
xmlrpc,9
math_utils,9
glanceclient,9
samba,9
dropbox,9
product,9
babelfish,9
luigi,9
reprlib,9
network,9
WidgetGen,9
idl_ppapi_lexer,9
system,9
gio,9
crawler,9
theme,9
idl_types,9
StringEncoding,8
engine,8
bencode,8
Code,8
webapi,8
win32event,8
conftest,8
oauth2_provider,8
Symtab,8
libcloud,8
azure,8
bisect_state,8
mojom,8
rasterio,8
contracts,8
bitarray,8
pymc,8
UtilNodes,8
genshi,8
Naming,8
taskflow,8
tracetool,8
source_control,8
bluetooth,8
django_jinja,8
bjam,8
appengine_url_fetcher,8
geoalchemy2,8
robot,8
memory_inspector,8
dumbdbm,8
registry,8
b2,8
winreg,8
jieba,8
google_api_keys,8
cpp_generator,8
recommonmark,8
panda3d,8
schema,8
plotly,8
layers,8
win32file,8
symbol_extractor,8
antlr3,8
treescan,8
pyqode,8
Nodes,8
_pyio,8
default,8
ttest,8
DebugFlags,8
flaky,8
idl_schema,8
generator,8
pybindgen,8
subprocess2,8
Visitor,8
django_nose,8
Tools,8
build_version,8
cement,8
treewizard,8
_socket,8
PyrexTypes,8
converter,8
Scanning,8
jnius,8
keyring,8
json_schema,8
page_sets,8
jsonpickle,8
pyinotify,8
pretty_print,8
processor,8
pty,8
pyVmomi,8
diff_util,8
moto,8
stock,8
appengine_wrappers,8
webhelpers,8
mezzanine,8
mesos,8
easy_thumbnails,8
benchmarks,8
mapreduce,8
shapefile,8
passlib,8
tkColorChooser,8
logilab,8
_sockettimeout,8
empty_dir_file_system,8
elasticsearch_dsl,8
editor,8
ParseTreeTransforms,8
ExprNodes,8
dnslib,8
json_parse,8
check_orderfile,8
browser,8
dj_static,8
ckeditor,8
object_store_creator,8
_init_paths,8
local_file_system,8
generate_jsdoc,8
validators,8
ipdb,8
avro,8
model_mommy,8
slumber,8
allauth,8
anydbm,8
compiled_file_system,8
traitlets,8
gen,8
generate,8
devil,8
fast_rcnn,8
chainer,8
flaskext,8
appdirs,8
url_constants,8
install_emulator_deps,8
scm,8
flask_mail,8
buildbot_common,8
update_nacl_manifest,8
Builtin,8
docs_server_utils,8
Carbon,8
lockfile,8
retrying,8
prompt_toolkit,8
manifest_util,8
print_style,8
vcr,7
mathtls,7
video,7
testutil,7
lazy,7
translate,7
xbmcswift2,7
filer,7
inc_const,7
generators,7
app_engine_handler,7
odict,7
session,7
grid,7
win32security,7
winerror,7
generate_make,7
index,7
flask_admin,7
github3,7
_winapi,7
docscrape_sphinx,7
parler,7
langthaimodel,7
rpyc,7
security,7
inc_sip,7
android,7
web_dev_style,7
mbcharsetprober,7
uritemplate,7
ethernet,7
parsedatetime,7
cros,7
vstruct,7
pbkdf2,7
ovs,7
request_track,7
test_net,7
repoze,7
mod_python,7
timer,7
profile_creators,7
textblob,7
sql,7
test_projects,7
special_paths,7
pyfits,7
gcloud,7
heatclient,7
pack,7
modelcluster,7
lldb,7
update,7
fiona,7
extensions_paths,7
langhungarianmodel,7
jsbundler,7
GlyphsApp,7
dragonfly,7
bokeh,7
entity,7
gcs_file_system_provider,7
ispy,7
actstream,7
geometry,7
endpoints,7
sre_parse,7
testapp,7
validate,7
impacket,7
keystonemiddleware,7
_strptime,7
test_data,7
chardistribution,7
symtable,7
mavwp,7
lmdb,7
sphinx_bootstrap_theme,7
isodate,7
cache,7
bisect_perf_regression,7
gluon,7
yara,7
debtcollector,7
parse_core,7
Blender,7
decorators,7
ecdsa,7
chrome_proxy_metrics,7
content_providers,7
license,7
_pytest,7
bucket,7
crypto,7
purchase,7
sentry,7
pyftpdlib,7
element,7
defusedxml,7
proxy,7
langbulgarianmodel,7
xdrlib,7
unohelper,7
spider,7
devil_chromium,7
progress,7
charsetgroupprober,7
tempest_lib,7
pysrt,7
scanner,7
authproxy,7
langhebrewmodel,7
androguard,7
dulwich,7
pins_af,7
notifications,7
avocado,7
hyperopt,7
rpy2,7
geopy,7
ROOT,7
blocks,7
script,7
pyudev,7
data_source,7
natsort,7
vcf,7
pattern,7
myhdl,7
slave,7
stripe,7
pygraphviz,7
swiftclient,7
midi,7
tagging,7
fetch_build,7
_sgmllib_copy,7
filter,7
gitutil,7
meta,7
device,7
cryptauth,7
test_file_system,7
_headersutil,7
schema_loader,7
langcyrillicmodel,7
sbcharsetprober,7
langgreekmodel,7
pyface,7
mbcssm,7
cygprofile_utils,7
repository,7
dpkt,7
inc_cfg,7
_urllib2_fork,7
webassets,7
pygccxml,7
parse_dsc,7
cluster,7
ckan,7
ethereum,7
aetools,7
cli,7
image,7
hebrewprober,7
session_csrf,7
codingstatemachine,7
autotest,7
interfaces,7
learning,7
charsetprober,7
console,7
nbconvert,7
macholib,7
branch_utility,7
intelhex,7
test_functions,7
inc_sdp,7
commonware,7
mimeparse,7
simple,7
MacOS,6
helper_functions,6
braintree,6
whichdb,6
locust,6
Cheetah,6
chromoting_test_utilities,6
twython,6
converters,6
wand,6
nolearn,6
w3lib,6
app_config,6
_gdb,6
platform_bundle,6
adb_install_cert,6
scikits,6
ldb,6
jpype,6
param,6
simple_history,6
facebook,6
opaque_keys,6
copytext,6
library,6
bok_choy,6
res_config,6
desktop,6
rpython,6
wikipedia,6
bkfile,6
_Launch,6
StdSuites,6
dataset,6
Standard_Suite,6
conda,6
lzma,6
mx,6
fieldtrial_util,6
_curses_panel,6
mdtraj,6
picklefield,6
antlr4,6
sample,6
api_data_source,6
remote,6
groundhog,6
images,6
jnpr,6
rpm,6
dolfin,6
pkg2,6
somecode,6
url_fetcher,6
decouple,6
nacl,6
amqp,6
install_venv_common,6
makeconfig,6
test_branch_utility,6
benchmark,6
student,6
_Folder,6
flask_babel,6
oslo_reports,6
BoostBuild,6
sockjs,6
schema_processor,6
context,6
pkg3,6
cloudify,6
Build,6
hachoir_core,6
Controls,6
sheet,6
makefreeze,6
bench_util,6
Logs,6
webstore_extension_util,6
ns,6
libstdcxx,6
dumper,6
gnupg,6
rdkit,6
sphinx_me,6
grammar,6
django_tables2,6
obspy,6
memory,6
mc,6
api_list_data_source,6
CGIHTTPServer,6
Draft,6
pygit2,6
namespaces,6
appengine_blobstore,6
rlp,6
samples_data_source,6
api_models,6
graphy,6
xblock,6
timezones,6
sched,6
mock_file_system,6
librosa,6
pelican,6
oslo_vmware,6
gpu_tests,6
Plugins,6
glue,6
oauth,6
pep8,6
oauth2_plugin,6
ncclient,6
gunicorn,6
collectd,6
elftools,6
pyxb,6
tablib,6
subprocess32,6
ldap3,6
speech_recognition,6
chrome_telemetry_build,6
xmpp,6
load,6
certutils,6
key,6
checks,6
request_dependencies_lens,6
sorl,6
apsw,6
dummy_thread,6
Quartz,6
storm,6
generate_manifest,6
template_renderer,6
host_file_system_provider,6
names,6
tasks,6
pgen2,6
ironicclient,6
SublimeLinter,6
_AE,6
autofill_merge_common,6
process,6
openstack,6
rest_framework_jwt,6
platform_util,6
rating,6
TZmqServer,6
_fileio,6
cpp_bundle_generator,6
document_renderer,6
nbformat,6
checkextensions,6
reader,6
ir_actions,6
table_of_contents_renderer,6
distance,6
oscar,6
visual,6
cpp_namespace_environment,6
DNS,6
path_canonicalizer,6
fuse,6
eve,6
survey,6
led,6
keys,6
parsesetup,6
hachoir_parser,6
aggregate_generated_bindings,6
_ssl,6
makemakefile,6
bitstring,6
libfuturize,6
package,6
js_externs_generator,6
FileObject,6
tldextract,6
waffle,6
comments,6
view,6
win32process,6
vanilla,6
_compat_pickle,6
tracing,6
pint,6
mail_mail,6
objects,6
localflavor,6
host_file_system_iterator,6
py2neo,6
bisect_results,6
parsing,6
request_dependencies_lens_unittest,6
plumbum,6
printer,6
dask,6
cpp_type_generator,6
features_bundle,6
runner,6
girder,6
couchdb,6
jsc_view,6
playhouse,6
test_object_store,6
js_interface_generator,6
home,5
robofab,5
edxmako,5
signals,5
osutil,5
ir_qweb,5
certificates,5
pyVim,5
numexpr,5
in_generator,5
fuzzywuzzy,5
qiniu,5
logic,5
translation,5
Constants,5
compdoc,5
processing,5
openravepy,5
futurist,5
pydev_ipython,5
invoice,5
mpmath,5
property,5
txaio,5
statsd,5
excopy,5
yum,5
infrastructure,5
encoding,5
xlsxwriter,5
csvkit,5
xmodule,5
checker,5
apitools,5
junitxml,5
import_export,5
course_modes,5
etcd,5
output,5
actionlib,5
membership_invoice,5
lms,5
format,5
formula,5
jsonpath_rw,5
configurator,5
unix,5
sulley,5
c,5
cattle,5
ir_http,5
flask_migrate,5
repr,5
courseware,5
binhex,5
test_helper,5
whitenoise,5
sequence,5
gconf,5
git_command,5
chat,5
template_expander,5
sensor,5
pyotp,5
resources_rc,5
msign,5
zipline,5
jvm,5
sale_order,5
config_models,5
thinkplot,5
cloudpickle,5
basinterp,5
nupic,5
profiles,5
pnl,5
pandocfilters,5
hashids,5
pulsar,5
importer,5
archive,5
jmespath,5
scheduler,5
webapp,5
validation,5
sunau,5
formatting,5
basiclex,5
dotenv,5
menus,5
Common,5
conda_build,5
census,5
html2html,5
simtk,5
idl_definitions,5
rml2txt,5
testbase,5
beat,5
type,5
influxdb,5
jira,5
test_pcp,5
hodlib,5
bindings,5
dna,5
sync,5
openstackclient,5
pyethash,5
toolset,5
dill,5
paypal,5
launcher,5
spacy,5
ImageFile,5
enigma,5
odf,5
vobject,5
mrjob,5
graphql,5
pex,5
pyDes,5
timemachine,5
test_env,5
fortran,5
TaskGen,5
template,5
mrp_repair,5
enums,5
zerorpc,5
flask_bootstrap,5
terrain,5
filebrowser,5
cachetools,5
series,5
ipware,5
google_calendar,5
notes,5
django_webtest,5
schema_util,5
z3,5
extensions,5
autograd,5
uno,5
formtools,5
funcy,5
urls,5
xarray,5
Pyro,5
caching,5
phonenumber_field,5
appengine_config,5
flask_mongoengine,5
a,5
track,5
graphviz,5
flask_assets,5
buildbot,5
rebulk,5
numba,5
results,5
__version__,5
bin,5
urlresolver,5
defaults,5
gimpfu,5
pybuilder,5
Components,5
pylearn2,5
Autodesk,5
generic,5
optionaldict,5
datastore,5
menpo,5
sickbeard,5
django_dynamic_fixture,5
Xlib,5
ir_module,5
beets,5
ir_ui_view,5
comtypes,5
mwparserfromhell,5
Logger,5
game,5
landmine_utils,5
setting,5
gst,5
apk,5
dvm,5
history,5
picamera,5
bgl,5
templates,5
notification,5
_json,5
env,5
git_config,5
sniffer,5
swift,5
print,5
blf,5
commons,5
basparse,5
extra,5
pdfminer,5
proboscis,5
_mysql_exceptions,5
rospkg,5
message,5
colour,5
capa,5
display,5
skbio,5
biffh,5
mpld3,5
v8_attributes,5
prefetch_view,5
rtorrent,5
rfc3454,5
pyes,5
Ice,5
calclex,5
Helpers,5
base_import_module,5
myapp,5
requests_futures,5
unipath,5
cairocffi,5
makohtml2html,5
rml2html,5
llvmbuild,5
render_utils,5
partner,5
flask_oauthlib,5
ycmd,5
uncertainties,5
newrelic,5
SimpleITK,5
nose2,5
splinter,5
jarray,5
crontab,5
pyproj,5
git_refs,5
books,5
geocoder,5
llfuse,5
furl,5
PyInstaller,5
_osx_support,5
alsaaudio,5
mocks,5
autocomplete_light,5
http_client,5
_init_environment,5
serializer,5
cobra,5
saga,5
secrets,5
grpc,5
imdb,5
testdata,5
icons_rc,5
timedelta,5
xldate,5
dialog,5
pyasn1_modules,5
polls,5
devtools_monitor,5
base58,5
headers,5
globals,5
validator,5
pants,5
preprocessors,5
catkin_pkg,5
environ,5
symposion,5
vispy,5
mne,5
odt2odt,5
xdg,5
start,5
rml2pdf,5
testconfig,5
custom,5
PyObjCTools,4
teams,4
qt,4
hr_expense,4
markitup,4
webserver,4
nsfg,4
third_party_auth,4
jsonchecker,4
sikuli,4
pyopencl,4
release,4
pulp,4
cligj,4
django_comment_client,4
manifest,4
websockets,4
telegram,4
flask_restplus,4
cyclone,4
httpclient,4
dfvfs,4
maps,4
imported,4
cfg,4
apache,4
framer,4
modeltranslation,4
machine,4
person,4
pg,4
queries,4
unicorn,4
droneapi,4
upload,4
pmt,4
fix_path,4
terminal,4
set_sys_path,4
sha3,4
stage,4
pynma,4
apt_pkg,4
Timeout,4
compressor,4
api_app,4
django_pgjson,4
RemoteManager,4
fixpath,4
colorlog,4
TestMac,4
launchpadlib,4
news,4
cocotb,4
freenect,4
task_manager,4
devtools,4
pybedtools,4
mongodb_proxy,4
preshed,4
static,4
html4,4
common_includes,4
attest,4
pyload_app,4
passes,4
procurement,4
geo,4
recaptcha,4
pydevd,4
Version,4
_imaging,4
ops,4
asyncio_redis,4
checkpatch,4
Configure,4
platformsettings,4
Parser,4
ServiceReference,4
os_win,4
scoop,4
shortuuid,4
internal,4
commerce,4
ZODB,4
biom,4
electrum,4
cached_property,4
healpy,4
preferences,4
chrome_paths,4
MSVSNew,4
smt,4
edx_rest_api_client,4
gslib,4
shop,4
ee,4
PyPDF2,4
runtime,4
submodules,4
ycm,4
virtualchain,4
res_partner,4
dev_appserver,4
winsound,4
annotations,4
attach_script,4
experiments,4
Math,4
dependency_graph,4
nonexistent,4
step,4
spotify,4
_config,4
mockito,4
djangocms_text_ckeditor,4
configure,4
a_package_name_that_does_not_exist,4
device_setup,4
dictionary,4
django_fsm,4
packet,4
Pyro4,4
nipype,4
etree_loader,4
astrometry,4
bot,4
tracking,4
course_wiki,4
sm,4
packetbeat,4
chaco,4
integration,4
lang_pref,4
highlight,4
restkit,4
sslstrip,4
superdesk,4
doit,4
calc,4
create_release,4
validictory,4
cnl_app,4
treeprocessors,4
gnomecanvas,4
social_auth,4
nsfg2,4
document,4
challenge,4
reindent,4
nc_read,4
backends,4
APIspec,4
Modules,4
eliot,4
clobber,4
floppyforms,4
numpydoc,4
scaffold,4
bar,4
tower,4
xprint,4
_bsoup,4
status,4
plnt,4
autoslug,4
similarity,4
middlewares,4
geoinfo,4
pyutil,4
couchdbkit,4
codeop,4
dircache,4
envisage,4
rest_framework_gis,4
numeric,4
gfx,4
pyauto,4
acme,4
Plugin,4
test_common,4
instructor_task,4
draganddrop,4
telebot,4
trajectory_msgs,4
tutorial,4
i18nurls,4
base_classes,4
table,4
postprocessors,4
cat,4
gspread,4
pyauto_utils,4
common_util,4
cube,4
enzyme,4
test_models,4
pycares,4
cx_Oracle,4
multipledispatch,4
devp2p,4
bcrypt,4
pcap,4
motor,4
form,4
couchy,4
Handler,4
help,4
media,4
alert,4
gnome,4
move_base_msgs,4
httparchive,4
pdf,4
owslib,4
topbeat,4
contact,4
gyp_environment,4
boltons,4
expects,4
tokenizer,4
vars,4
gc_nvp_common,4
authentication,4
ruffus,4
rar_exceptions,4
python,4
manifest_xml,4
creds,4
pysnmp,4
dogapi,4
bus,4
openedx,4
materials,4
cc,4
venusian,4
enthought,4
trigger,4
shoppingcart,4
base_config,4
annoying,4
pretend,4
m3,4
subdomains,4
msvcrt,4
canvas,4
win32serviceutil,4
builtin,4
cb_test_harness,4
streams,4
solr,4
harness,4
humanize,4
filebeat,4
pybasicbayes,4
tinymce,4
epydoc,4
login,4
array_printer,4
libtaxii,4
layer,4
pycassa,4
uctypes,4
parse_rest,4
bootstrap_action,4
pymc3,4
functionaltests,4
ModestMaps,4
pavement,4
ephem,4
osprofiler,4
ironic,4
markdown2,4
account_move_line,4
reports,4
visualizer,4
clusterhost,4
mobility,4
sputnik,4
osc_lib,4
storages,4
dal,4
piston,4
connect,4
blockparser,4
envi,4
vtrace,4
cloudstorage,4
sc_config,4
Screen,4
music21,4
xbmcmixin,4
m5,4
instructor,4
control,4
nav_msgs,4
apptools,4
iso,4
embed_video,4
igraph,4
agents,4
first,4
thinkstats2,4
myparser,4
dogstats_wrapper,4
crcmod,4
ripe,4
style,4
trac,4
so,4
res_users,4
nc,4
tr,4
embargo,4
pox,4
yowsup,4
zbar,4
agent,4
loading_trace,4
ccx_keys,4
fudge,4
linuxcnc,4
pwn,4
mainwindow,4
rjsmin,4
exporters,4
widget,4
base_test_case,4
docs,4
pymunk,4
stix,4
stubout,4
libpython,4
beanstalkc,4
external_auth,4
evennia,4
vector,4
base_test,4
Orange,4
line,4
AsyncStateMachine,4
irc,4
patchstream,4
mapper,4
cronjobs,4
contentstore,4
provider,4
microsite_configuration,4
bob,4
manager,4
compose,4
market,4
Test,4
vte,4
verify_filelist,4
winappdbg,4
pyrsistent,4
os_brick,4
cm_api,4
page,4
updater,4
pilkit,4
_pydev_imps,4
rply,4
openprocurement,4
constance,4
pykka,4
xmodule_django,4
local_settings,4
dogtail,4
keystone,4
sipconfig,4
schedule,4
indexer,4
blockprocessors,4
bbio,4
pangocairo,4
targets,4
packages,4
pybitcoin,4
climate,4
elm,4
goose,4
kiwi,4
snapshot,4
coherence,4
django_statsd,4
target,4
testrunner,4
pymclevel,4
vendor,4
tg,4
eventtracking,4
pyauto_functional,4
inlinepatterns,4
ir,4
functional,4
sleekxmpp,4
virtualenv,4
scrapelib,4
res_company,4
exam,4
algorithms,4
worker,4
diamond,4
regressiontests,4
m1,4
rhinoscriptsyntax,4
lcm,4
classytags,4
wrapper,4
xlutils,4
asn1,4
rb,4
disasm,4
kademlia,4
csp,4
vdirsyncer,4
company,4
s3,4
sandwich_runner,4
kitty,3
systems,3
tls,3
mdiff,3
wget,3
highlighter,3
munkres,3
anybox,3
cybox,3
castellan,3
register,3
pyorient,3
ceps,3
deluge,3
regutil,3
Main,3
graphics,3
mlp,3
unittest_util,3
highcharts,3
grc_gnuradio,3
content_classification_lens,3
hgweb_mod,3
dicom,3
osmosdr,3
items,3
pypot,3
hal_actions,3
payment_acquirer,3
skin,3
autopkglib,3
smartcard,3
Workbook,3
pyprind,3
bravado_core,3
fckcommands,3
assertutil,3
socketIO_client,3
cros_build_lib,3
keepkeylib,3
dbconfig,3
pathtools,3
jwkest,3
assertions,3
url,3
layout,3
products,3
stock_return_picking,3
crime,3
SambaConfig,3
m3u8,3
sdcard,3
juliadoc,3
s2,3
aspen,3
migration,3
omemo,3
ceilometerclient,3
sass,3
scriptcontext,3
pygraph,3
pyx,3
scitools,3
ui_model,3
devops,3
helloworld,3
command_common,3
bitfield,3
ossec,3
llvm,3
pysqlite2,3
phonenumbers,3
utilitybelt,3
treq,3
toml,3
articles,3
pafy,3
formats,3
match,3
polynomial,3
Command,3
plot,3
section,3
webpagereplay,3
pysnptools,3
UnicodeData,3
faulthandler,3
trollius,3
troposphere,3
pysimplesoap,3
svm,3
win32service,3
pysvn,3
gcc,3
cdms2,3
change_production_qty,3
glob2,3
avatar,3
rally,3
firebase,3
sortedcontainers,3
Time,3
polymorphic,3
pyvisa,3
stock_picking_wave,3
categories,3
humanfriendly,3
contacts,3
regress,3
toughlib,3
cocos2d,3
endpoints_proto_datastore,3
patch_util,3
fakes,3
funkload,3
MAVProxy,3
stringprep,3
zindex,3
extractor,3
plac,3
aiml,3
account_asset,3
inception,3
ansi,3
leap,3
flocker,3
error_handlers,3
pyfirmata,3
bases,3
x86_generic,3
l10n_fr_hr_payroll,3
Worksheet,3
nototools,3
acl,3
aifc,3
selectors,3
zbase32,3
django_assets,3
pifacecad,3
logutils,3
preprocess,3
hearthstone,3
proto,3
fftpack_lite,3
bagit,3
numerictypes,3
object_store,3
java2python,3
cef_parser,3
wx_loader,3
pdflib_py,3
untabify,3
render_servlet,3
fckutil,3
sale_line_invoice,3
FortranCommon,3
interpreter,3
BaseTLB,3
solver,3
obj_diff,3
ScintillaCallable,3
staff,3
program,3
hr_department,3
menu,3
print_pre_numbered_checks,3
server_instance,3
supervisor,3
packaging,3
opendocument,3
fake_filesystem,3
MessageNumbers,3
hal,3
cmsplugin_cascade,3
Configuration,3
datadiff,3
configHandler,3
uuidfield,3
Simulation,3
warning_tests,3
recurse_class1,3
nest,3
cactus,3
keyczar,3
wechatpy,3
inflection,3
mypkg,3
emc2b,3
mycroft,3
middleware,3
angular_flask,3
volatile,3
test_paypal,3
crc16,3
control_msgs,3
LaunchServices,3
decomp,3
emcee,3
barbicanclient,3
goocanvas,3
talloc,3
win32ui,3
arm_generic,3
mx_unittest,3
build_updater,3
drmaa,3
shovel,3
snappy,3
fixture_generator,3
PRESUBMIT_test_mocks,3
calibre,3
jsonmapping,3
projects,3
statvfs,3
f5,3
Device,3
cudarray,3
slogging,3
Kross,3
lru_cache,3
rml,3
wolfssl,3
binary,3
netcdf_helpers,3
explorer,3
courses,3
shaker,3
prelude,3
licences,3
gear,3
classifier,3
servlet,3
compass,3
gen_ext,3
cinder,3
frame,3
aircraft,3
hub,3
Mesh,3
elements,3
Sketcher,3
lektor,3
eventloop,3
st2reactor,3
nf,3
pyimgur,3
web_editor,3
bind,3
ccmlib,3
rapidsms,3
h2o,3
Utilities,3
packet_base,3
endpoint,3
wrapt,3
ironic_lib,3
print_fnc,3
mido,3
organizations,3
ssh,3
elementtree,3
procfs,3
photos,3
pandac,3
convert,3
idl_log,3
link_tracker,3
pypowervm,3
contextlib2,3
cerberus,3
texttable,3
XiteMenu,3
cmdutils,3
pushbullet,3
parcel,3
spectrum,3
openquake,3
quotas,3
xcffib,3
pyxform,3
onelogin,3
test_lunch,3
mkt,3
fake_fetchers,3
aes,3
ib,3
cpp_util,3
graphserver,3
locations,3
macosxSupport,3
buedafab,3
hr_attendance,3
collection,3
trace_inputs,3
readers,3
ir_attachment,3
urlgrabber,3
bugsnag,3
patsy,3
stock_immediate_transfer,3
encrypt_rc4_md5,3
mailcap,3
george,3
domain,3
tracer,3
keybindingDialog,3
problem,3
fuel,3
_rpi_ws281x,3
X86IntPin,3
random_layer,3
world,3
BTrees,3
makerbot_driver,3
data_loader,3
nautilus,3
preprocessing,3
pymatgen,3
anki,3
profiler,3
django_comment_common,3
Ruby,3
f2py_ext,3
decode,3
cookiecutter,3
web_planner,3
Column,3
rpcore,3
xadmin,3
arcrest,3
file_util,3
eos,3
bond,3
std_srvs,3
testify,3
setproctitle,3
UnitTest,3
example_test,3
sacrud,3
hooks,3
orderpoint_procurement,3
arch,3
_imp,3
Adafruit_GPIO,3
player,3
ir_values,3
pubsub,3
lymph,3
pyamf,3
configman,3
vismach,3
wallet,3
win32,3
collections_backport,3
certbot,3
configHelpSourceEdit,3
policy_base,3
precision,3
jsonpatch,3
cloudify_rest_client,3
button,3
neovim,3
MidiOutStream,3
discussion_api,3
dexdiffer,3
_code_test,3
wechat_sdk,3
docscrape,3
iniparse,3
xpcom,3
xstatic,3
cssutils,3
linalg,3
_thread,3
send,3
OAuth2Util,3
rarfile,3
ws,3
Exscript,3
rx,3
card,3
test_ttk,3
rng_base,3
datadog,3
pyuv,3
dark_lang,3
Proxy,3
weather,3
fuse_gtest_files,3
jedihttp,3
atomicwrites,3
django_locale,3
zurllib,3
pylibmc,3
stock_change_product_qty,3
make_procurement_product,3
edxval,3
TileStache,3
supybot,3
audiodev,3
viewers,3
bx,3
configmanager,3
mahotas,3
isbnlib,3
ufuncs,3
hyperframe,3
product_template,3
dateparser,3
link,3
profile_chrome,3
girder_client,3
private_settings,3
klein,3
alpha_generic,3
gimp,3
hpgl2d,3
cubicsuperpath,3
guzzle_sphinx_theme,3
udprelay,3
fpdf,3
attr,3
cosmos,3
xblock_django,3
query,3
topology,3
selector,3
claripy,3
stock_change_standard_price,3
pos_mercury_transaction,3
dylib,3
jenkinsapi,3
ntsecuritycon,3
win32pipe,3
gallium,3
get,3
yaql,3
rs274,3
simplepath,3
deprecation,3
parseargs,3
qiime,3
cacheback,3
zhihu,3
etree,3
types_pb2,3
remap,3
base_setup,3
couchpotato,3
txtorcon,3
Screens,3
enable,3
alfanous,3
logistic_sgd,3
basket,3
play,3
name_utilities,3
links,3
jsonview,3
css,3
tooz,3
smartmin,3
win32clipboard,3
hal_pythonplugin,3
std_pair_ext,3
caper,3
startup,3
baz,3
pos_mercury,3
fakeredis,3
basemode,3
TftpShared,3
svn,3
memory_profiler,3
defines,3
_tevent,3
markup,3
RawServer,3
wb,3
mcpi,3
pants_test,3
ancestor,3
codes,3
pavelib,3
neuron,3
_csv,3
notebook,3
rest_framework_oauth,3
ordereddict,3
pyversion,3
emctask,3
cadquery,3
ExcelFormula,3
aenea,3
script_injector,3
binstar_client,3
_mpld3_setup,3
forms_builder,3
zoo,3
windows,3
_codecs_,3
nipy,3
l10n_be_hr_payroll,3
switcheroo,3
netsvc,3
xml_decl,3
consulate,3
general,3
authority,3
logconfig,3
Caches,3
translator,3
sale_make_invoice,3
pysal,3
pydub,3
rc,3
RTIMU,3
ari,3
hal_glib,3
variables,3
pyoko,3
regs,3
sales_team,3
ip,3
hgwebdir_mod,3
servers,3
compile,3
Log,3
_virtual2,3
speaklater,3
facepy,3
pypar,3
transport,3
thumbor,3
aubio,3
datautil,3
VirtIO,3
queuing_lens,3
rep,3
casing,3
location,3
managers,3
labels,3
configs,3
xgboost,3
scene,3
stock_backorder_confirmation,3
ir_config_parameter,3
goto_file2,3
django_select2,3
neutron_lbaas,3
configSectionNameDialog,3
pyvows,3
argh,3
pyauto_media,3
django_hstore,3
ImportXLS,3
Client,3
baseframe,3
loading_graph_view,3
mavparse,3
dsl_parser,3
encdec,3
geoip,3
sandwich_metrics,3
orange,3
agate,3
emccanon,3
gattlib,3
vector3,3
pam,3
waitress,3
genpy,3
holoviews,3
_pydev_bundle,3
file,3
crits,3
wq,3
chromeos_network,3
vsc,3
rest,3
extract,3
mnemonic,3
gearman,3
BIFFRecords,3
chebyshev,3
in_file,3
APIspecutil,3
channel,3
build_projects,3
plugin_dist,3
hachoir_metadata,3
payments,3
httpd,3
imagekit,3
gladevcp,3
caffe_pb2,3
idl_c_proto,3
BaseTopology,3
MockToolset,3
jawa,3
Exporter,3
wtforms_components,3
_mssql,3
_bsdopendirtype,3
pyreadline,3
minigl,3
pychart,3
virtual,3
xl,3
mixer,3
datashape,3
isolated_format,3
pb,3
static_replace,3
store,3
Levenshtein,3
pluginmanager,3
pyext,3
base_handler,3
subcmds,3
user_satisfied_lens,3
x,3
Rhino,3
markupfield,3
colander,3
Adafruit_BBIO,3
bacpypes,3
dynOptionMenuWidget,3
trafficshaper,3
some,3
ImagePalette,3
report_webkit_actions,3
stub_common,3
Exceptions,3
androconf,3
pydash,3
stoq,3
altgraph,3
php,3
monascaclient,3
pyroute2,3
r2,3
sickrage,3
wkbuild,3
st2actions,3
logs,3
foldit,3
ansi2html,3
pywt,3
jobset,3
ra,3
configargparse,3
changegroup,3
demjson,3
hive_metastore,3
docx,3
graphlab,3
bup,3
components,3
wiring,3
lti_provider,3
spotipy,3
youtube_dl,3
BitTornado,3
packet_utils,3
tiddlyweb,3
files,3
croniter,3
scss,3
DataStore,3
pigpio,3
extension_setting_specifics_pb2,3
spidev,3
defchararray,3
mergeinfo,3
activity_lens,3
chrome_cache,3
studio,3
flake8,3
kik,3
assets,3
patch_servlet,3
pyrax,3
pyauto_errors,3
apiutil,3
authorization,3
feincms,3
graphs,3
stock_move,3
base_iban,3
event_confirm,3
test_case,3
Base,3
jsmin,3
simuvex,3
sale_make_invoice_advance,3
fckoutput,3
tdb,3
selene,3
CoreFoundation,3
barrelfish,3
postprocess,3
orngTree,3
bsettings,3
molecule,3
zinnia,3
tvtk,3
changelog,3
pupa,3
fedmsg,3
impala_shell_results,3
CodernityDB,3
instagram,3
distorm3,3
integration_tests,3
Style,3
fluent,3
mx_gate,3
entities,3
st2tests,3
entrypoints,3
umsgpack,3
apt,3
pyautogui,3
wit,3
depend,3
audio_tools,3
planet,3
behave4cmd0,3
l10n,3
mongo_connector,3
structlog,3
qcrash,3
riak,3
transformer,3
streaming,3
clang_helpers,3
fabtools,3
ccnet,3
json_app,3
trytond,3
libtiff,3
simulation,3
gitc_utils,3
mail,3
verify_student,3
mrp_product_produce,3
circuits,3
_test_extension_cpp,3
dynamo3,3
gntp,3
pycountry,3
pydotplus,3
catalog,3
pyte,3
ir_mail_server,3
sandbox,3
ksm,3
tcprelay,3
slicc,3
pytest_bdd,3
dionaea,3
ds,3
struct_generator,3
Task,3
graphene,3
libscanbuild,3
sites,3
nevow,3
sortedm2m,3
pycoin,3
wrappers,3
account_asset_invoice,3
API,3
requests_cache,3
localrepo,3
hscommon,3
ode,3
pyth,3
qrcodewidget,3
MemObject,3
gdal,3
PyKDE4,3
point,3
bs,3
nel,3
sos,3
callback,3
appinfo,3
antlr,3
oz,3
switch,3
telepot,3
tabbedpages,3
value,3
portal,3
driver,3
gcs_oauth2_boto_plugin,3
product_details,3
class_dashboard,3
pybrain,3
schematics,3
pifacecommon,3
make_graph,3
diagnostics,3
emc2,3
analytic,3
setuptools_scm,3
flanker,3
servicemanager,3
payment,3
theano_utils,3
astral,3
stock_valuation_history,3
aioredis,3
draw,3
syscmd,3
openssl_conf,3
tag,3
BaseCPU,3
moneyed,3
flask_restful_swagger,3
network_activity_lens,3
graphql_relay,3
cmdline,3
octoprint,3
Formatting,3
Library,3
pyperclip,3
testsuite,3
extraction,3
resolver,3
bunch,3
adminsortable2,3
odo,3
Row,3
edxnotes,3
element_generator,3
brian2,3
encrypt,3
adminsortable,3
djblets,3
redlock,3
thirdparty,3
flask_marshmallow,3
generate_notice,3
squid,3
impala,3
camera,3
component,3
_codecs_kr,3
action,3
prefix,3
perftest,3
modular_build,3
django_digest,3
O3_ARM_v7a,3
ipyparallel,3
firefox,3
l10n_fr,3
sre,3
encrypt_salsa20,3
downloadutils,3
cache_toolbox,3
dwebsocket,3
mail_channel,3
inkex,3
snmpinterface,3
article,3
billing,3
dice,3
legendre,3
restless,3
glutils,3
mturk,3
nailgun,3
brain,3
open_ended_grading,3
test_core,3
ev,3
pytestqt,3
idl_option,3
soap,3
syntax,3
Cache,3
gaia_auth,3
CommonMark,3
hbase,3
secret,3
bootstrap,3
pycnn,3
manage,3
item,3
asyncdns,3
djopenid,3
deap,3
jobsub,2
smart_manager,2
npyscreen,2
pathos,2
model_inheritance,2
hustle,2
svo_analysis,2
libtorrent,2
constraints,2
scgi,2
gitosis,2
Action,2
harvestman,2
cobbler,2
git_version,2
sequencer_osx,2
ndict,2
tidylib,2
slimit,2
binding,2
subunit2sql,2
mapview,2
comicstreamerlib,2
athena,2
ts3,2
executor,2
lstm,2
CurrentRateMeasure,2
VAE_YZ_X,2
crm_phonecall_to_phonecall,2
toolpathparams,2
deck,2
others,2
cha,2
cuu,2
wxversion,2
amqplib,2
positional,2
tellme,2
pinax,2
xbee,2
fuel_bootstrap,2
flatten,2
invenio_records,2
rdpy,2
customadmin,2
prettytensor,2
ahocorasick,2
networking_cisco,2
escpos,2
auctions,2
wger,2
pixelated,2
subsubpkg,2
producers,2
aqt,2
coalib,2
autofill_specifics_pb2,2
bookmark_specifics_pb2,2
DefaultListOrderedDict,2
m2,2
rocket,2
swappable_models,2
fileset,2
django_coverage,2
run,2
saharaclient,2
beertools,2
delorean,2
logmanager,2
py3kcompat,2
swift_build_support,2
appengine_django,2
pysqlcipher,2
notifier,2
flash,2
collector,2
helios,2
deserialize,2
proxy_contexts,2
container,2
SWParser,2
dch,2
Tix,2
bibliopixel,2
nflgame,2
bplib,2
indico,2
dhcp_packet,2
flapack,2
cassiopeia,2
orion_base_action_test_case,2
exporter,2
maraschino,2
h2o_test,2
nodeeditortemplate,2
sgd,2
poppy,2
googleapis,2
vqt,2
wxPython,2
xbrowse_server,2
FuXi,2
plone,2
meinheld,2
evernote,2
Pmw,2
mysql2pgsql,2
processors,2
simMetadata,2
bookmarks,2
fckconnector,2
geoserver,2
SipRoute,2
pydevd_constants,2
eventEngine,2
EasyDialogs,2
mx_javamodules,2
rip,2
ZEO,2
decomp_lu,2
app_setting_specifics_pb2,2
livereload,2
dota2api,2
decset,2
jams,2
TaskPanel,2
balance,2
editabletreemodel_rc,2
hp,2
orngMisc,2
hamlpy,2
h2o_exec,2
triangle,2
esctypes,2
receivers,2
KBEngine,2
rest_auth,2
iris,2
notify,2
pyatspi,2
list,2
anglepy,2
splines,2
testcases,2
recognizers,2
publisher,2
beeswax,2
django_manage_commands_provider,2
test_config,2
BaseController,2
councilmatic_core,2
pyelliptic,2
yoyo,2
canto_next,2
msilib,2
fire,2
keychain,2
ScLang,2
tensor,2
flask_github,2
pycog,2
data_utils,2
gremlin,2
app_list_specifics_pb2,2
simplekml,2
_threading,2
wtforms_alchemy,2
cloudinary,2
request_cache,2
pyocr,2
ich,2
QualifyByImportFoo,2
hal_impl,2
SPARQLWrapper,2
normalize,2
crm_profiling,2
camvtk,2
panel,2
cartopy,2
quantecon,2
mist,2
dfdatetime,2
pyarabic,2
bitify,2
Adafruit_I2C,2
pynotify,2
reimp,2
portage,2
templated_email,2
judge,2
win32crypt,2
gmoccapy,2
earkcore,2
singlefilestructure,2
returner,2
python_qt_binding,2
instaseis,2
analytics,2
djangocms_helper,2
preggy,2
packetary,2
devices,2
dbf_utilities,2
solthiruthi,2
pysftp,2
stp,2
level,2
warlock,2
RateMeasure,2
alfred,2
structure,2
natpunch,2
djangoratings,2
webhooks,2
dftestlib,2
lunch_cancel,2
viz,2
change_special_color,2
decdc,2
nssubpkg,2
casadi,2
authenticate,2
orca,2
gcm,2
kmlbase,2
embedding,2
cogs,2
divisi2,2
csv_util,2
managed_user_setting_specifics_pb2,2
xen,2
tick_mark_doc,2
buildtools,2
simpleknn,2
_jb_utils,2
mx_microbench,2
winnt,2
mpd,2
special_matrices,2
SphinxNymserver,2
fake_filesystem_test,2
product_visible_discount,2
install_sdk,2
samba_utils,2
idl_visitor,2
fibers,2
nnet,2
URLMonitor,2
run_command,2
sd,2
vt,2
building,2
X,2
disco,2
grant_badge,2
vectors,2
picard,2
tinycss,2
osprey,2
workers,2
execjs,2
m2m_history,2
quasar,2
dynamic_forms,2
jobTree,2
classregistry,2
optimize,2
ocpcadb,2
clustering,2
glslc_test_framework,2
echo,2
imblearn,2
frustum,2
IECoreRI,2
factories,2
rostest,2
publishers,2
ratings,2
actionlib_msgs,2
dest_module,2
make_cpptoc_impl,2
downloader,2
gv,2
anyconfig,2
svgwrite,2
aiomysql,2
pisi,2
nimfa,2
impl,2
selectable,2
package1,2
counter,2
tamil,2
namecoin,2
synced_notification_app_info_specifics_pb2,2
test2,2
pqdict,2
webelement,2
payload,2
transform,2
react,2
Toolbox,2
LinearAlgebra,2
p1,2
noseplugin,2
github_issues,2
pyfftw,2
sklearn_theano,2
nw_util,2
NavigationInstance,2
radio,2
js_helper,2
pycadf,2
SphinxNode,2
Arch,2
mmh3,2
font,2
crm_partner_binding,2
PySide2,2
decfra,2
decid,2
fixture,2
oscrypto,2
czmq,2
serbus,2
adversarial,2
juriscraper,2
cf_units,2
safe,2
cmemcached,2
apriori,2
gis,2
guestfs,2
test_util_open_ended,2
DOM,2
electrum_gui,2
abjad,2
albow,2
retools,2
idna,2
vtConstant,2
akamai,2
eigen,2
Converter,2
ark,2
evelink,2
wtforms_appengine,2
show_tests,2
calico,2
sale_service,2
plugintools,2
lsst,2
pympler,2
parserator,2
FPDF,2
pyomo,2
watson,2
hmf,2
job,2
nefi2,2
querybuilder,2
qrtextedit,2
backend_agg,2
account_check_batch_printing,2
duplicity,2
sandwich_utils,2
add,2
djpjax,2
report_intrastat,2
mockldap,2
Commands,2
rpclib,2
cpu,2
shared_conf,2
morfessor,2
django_rq,2
test_shared,2
cockpit,2
TestSketcherApp,2
django_markdown,2
map,2
django_hosts,2
drawquest,2
scrypt,2
stock_invoice_onshipping,2
javascript,2
textfield,2
pyczmq,2
pyfastaq,2
Song,2
tiddlywebplugins,2
jumpserver,2
matlab,2
mendeley,2
homeassistant,2
zaqarclient,2
pseudo,2
protobix,2
_ldap,2
pykickstart,2
pwndbg,2
pyfrc,2
utorrentclient,2
eval,2
RemoteControlProtocol,2
question,2
revset,2
lrbd,2
rewrite,2
multicopter,2
elixir,2
pywikibot,2
pytest_django,2
scp,2
gpodder,2
emcadb,2
cme,2
couchbase,2
dockercloud,2
fitbit,2
drip,2
externs_checker,2
change_dynamic_color,2
hts,2
annotation,2
file_1,2
libnacl,2
orngTest,2
tulip,2
axis_ep,2
__metaModel__,2
MissionPlanner,2
depstree,2
valgrind_test,2
sense_hat,2
experimental,2
t,2
waterbutler,2
encoder,2
edu,2
mock_bitcoind,2
invocations,2
mceutils,2
venv_update,2
solar,2
urljects,2
unit,2
decomp_cholesky,2
sudoku,2
daemonutils,2
dcs,2
bgp,2
array_utils,2
ocpcarest,2
Robot,2
shipUtils,2
ngsutils,2
sampler,2
meld,2
data_io,2
grpc_version,2
pyfakefs,2
gaia2,2
externals,2
gemini,2
geography,2
dfa,2
qtools,2
matfuncs,2
gherkin,2
hyper,2
SWPlugin,2
SambaParm,2
blosc,2
requestbuilder,2
credits,2
interruptingcow,2
TextDecorators,2
language,2
rbf,2
Environment,2
dependency_injector,2
chef,2
nsiqcppstyle_rulemanager,2
host_test_plugins,2
pymanopt,2
scrapers,2
ISStreamer,2
sqs,2
videos,2
ubpf,2
codec,2
haproxyadmin,2
inventory,2
p4_pd_rpc,2
shp_utilities,2
pyspark_hbase,2
nxt,2
Process,2
Helper,2
preference_specifics_pb2,2
enrollment,2
libformatstr,2
decrqm,2
tbc,2
beeswaxd,2
chromite,2
dispatcher,2
ganeti,2
Decls,2
moulinette,2
django_browserid,2
VarExporter,2
adb,2
pmatic,2
course_creators,2
icosahedron,2
pg8000,2
icon,2
filterpy,2
pydy,2
binwalk,2
nuke,2
Parameters,2
favicon_image_specifics_pb2,2
rgkit,2
hwrt,2
localsettings,2
xapian,2
cerbero,2
sandwich_prefetch,2
structures,2
htmlmin,2
h2o_browse,2
feedvalidator,2
netmiko,2
serialport,2
platformio,2
funcinfo,2
pyee,2
gs,2
ruby_config,2
_ni_support,2
internal_backend,2
fake_tempfile,2
aexpect,2
_compiled_base,2
imageio,2
s3_integration_help,2
IECore,2
performance,2
gym,2
repos,2
mapit,2
stoqdrivers,2
geocell,2
helios_auth,2
func,2
MeshPart,2
PostUtils,2
summary_output,2
modjy_exceptions,2
osutils,2
starpy,2
gitlint,2
tcp,2
test_sitemaps,2
arff,2
evaluator,2
goodtables,2
pypom,2
comment_tests,2
pyrfc3339,2
drs_base,2
olympia,2
mistral,2
stm,2
weaver,2
selftesthelpers,2
costs,2
grappelli,2
exabgp,2
root_numpy,2
budget,2
pybloom,2
netjsonconfig,2
s3layouts,2
ase,2
getdata,2
Spectrum2,2
definitions,2
raw,2
modulegraph,2
ordlookup,2
kano,2
rethinkstuff,2
stream,2
mail_message,2
phpserialize,2
primes,2
interpolation,2
ir_ui_menu,2
filter_design,2
kanno_cy,2
detection,2
solution,2
mixminion,2
user_profile,2
loom,2
thermo,2
saml2,2
pydevd_file_utils,2
protobuf_to_dict,2
two_factor,2
clock,2
chemview,2
checkpoint,2
decomp_schur,2
mclevelbase,2
decic,2
hvp,2
elasticluster,2
ir_default,2
idl_release,2
astra,2
rlglue,2
nikola,2
vivisect,2
fhir,2
mopy,2
CTCore,2
flags,2
trainer,2
lib1,2
cam,2
h2o_util,2
fact_query,2
ga_ows,2
shortcut,2
instances,2
prefs,2
flask_analytics,2
decrc,2
ir_needaction,2
FoundationPlist,2
testsupport,2
docker_registry,2
barista,2
bigml,2
will,2
limix,2
coaster,2
dbsettings,2
pyjokes,2
pysparkling,2
dependency,2
pomelo,2
liblarch,2
pyghmi,2
C,2
make_ctocpp_impl,2
linalg_version,2
cell,2
revlog,2
djangosaml2,2
option,2
segeval,2
cartridge,2
pcbnew,2
ri,2
s8c1t,2
lsh,2
ftfy,2
dendropy,2
loading_trace_analyzer,2
snakefood,2
lastchange,2
eulfedora,2
big_query_utils,2
HPOlib,2
HeaderExporter,2
fake_useragent,2
TileCache,2
ir_module_module,2
baseClass,2
ie,2
utils_env,2
label,2
make_cpptoc_header,2
domain_inversion,2
telnetsrvlib,2
auxiliary,2
ErrorCodes,2
document_page_show_diff,2
aniDBfileInfo,2
azurerm,2
pylzma,2
nylas,2
stalker,2
RPIO,2
position,2
SolrClient,2
train,2
optlang,2
todos,2
sparsesvd,2
SuperClass,2
openstackdocstheme,2
Session,2
configurations,2
overrides,2
sandwich_swr,2
portal_claim,2
counterpartylib,2
commontools,2
hal_widgets,2
gooey,2
ntplib,2
creepy_resources_rc,2
AlphaGo,2
wsgi,2
lf,2
manipulate_selection_data,2
fdpexpect,2
Units,2
khooshe,2
unicode,2
ch,2
note,2
webrtc_test_base,2
mesh,2
rson,2
yahoo,2
hangups,2
userprofile,2
attributes,2
oaipmh,2
onadata,2
spreads,2
zerodbext,2
omdb,2
ffn,2
brewer2mpl,2
crosscat,2
_client,2
cython_double_mpi,2
detectors,2
btceapi,2
edl,2
pyvirtualdisplay,2
dcos,2
flexget,2
deployer,2
Grasshopper,2
markups,2
infoblox_client,2
asm_parser,2
TranslationDataRC,2
computationalLib,2
pjsua2,2
SpaceContext,2
da2,2
mdb,2
pywin,2
msg,2
flask_bower,2
decaln,2
shortcuts,2
pychart_types,2
steam,2
weblog,2
dnsproxy,2
Ide,2
dummy,2
namegen,2
rabbitpy,2
oss2,2
defcon,2
doxytag,2
test_helpers,2
nspk,2
PathScripts,2
pathlib2,2
decbi,2
cupoftee,2
record,2
ipc,2
h2o_cmd,2
group,2
test_options,2
print_xml,2
decera,2
osv_memory_autovacuum,2
perf,2
cocoa,2
shopify,2
zerodb,2
shipping,2
ecommerce,2
wunderpy2,2
TLV,2
StatsPlugin,2
PE,2
ldtp,2
ptf,2
order,2
Source,2
conntrack,2
cemu,2
inline,2
easybuild,2
characteristic,2
coming_episodes_tests,2
starcluster,2
h2o_nodes,2
sudo,2
mhctools,2
composition,2
submissions,2
essentia,2
cvxpy,2
reviewboard,2
psychopy,2
custodia,2
testenv,2
flask_principal,2
pyasm,2
templating,2
vnltstd,2
tifffile,2
tractor,2
Expression,2
ufl,2
pyOCD,2
alexa,2
mergejs,2
windowtools,2
SimpleMemory,2
hammock,2
natlink,2
mfi,2
tempita,2
acousticsim,2
GUI,2
pcapng,2
imbox,2
pretty,2
decomp_qr,2
xsvalBase,2
lunch_order,2
pdfdocument,2
taskw,2
sherlock,2
Pci,2
musicbrainzngs,2
decrqss,2
angr,2
ebooklib,2
muffin,2
osbs,2
s3dal,2
readconf,2
jaraco,2
feeder,2
simpletransform,2
pymzml,2
postgres,2
sqlite,2
ls,2
django_redis,2
ClassExporter,2
KBEDebug,2
slides,2
bootcamp,2
jingo_minify,2
sekizai,2
TestUtilities,2
RecordTimer,2
plot_utils,2
nbt,2
cookies,2
hou,2
trainers,2
pydispatch,2
MakeAppTools,2
colorclass,2
response,2
auth_crypt,2
svgviewer_rc,2
pyqrcode,2
jose,2
sync_pb2,2
smach,2
aniso8601,2
metacomm,2
langcodes,2
magnumclient,2
users_ldap,2
_MechanicalMaterial,2
file_utils,2
decsed,2
decdsr,2
TextSelection,2
util_tests,2
irods,2
polar,2
metainfo,2
splash,2
tzfile,2
psphere,2
aiocoap,2
plexapi,2
regions,2
flask_jwt,2
sugar3,2
psdash,2
gnocchiclient,2
article_specifics_pb2,2
mod,2
dbbackup,2
pyshark,2
synapse,2
glance_store,2
zookeeper,2
CommonFunctions,2
server_exception,2
formsets,2
rfc3987,2
itty,2
Installer,2
weights,2
bot_core,2
motion,2
cython_double_solvers,2
slider,2
shapes,2
fake_tempfile_test,2
infiniteworld,2
instance_servlet,2
example_project,2
pyxmpp,2
GPUVAE_YZ_X,2
ris,2
sm_title,2
ViewMode,2
graphitesend,2
testServers,2
RendererTest,2
addresses,2
helper_sql,2
_quadpack,2
pyblish,2
grano,2
Object,2
bsp,2
handler_base,2
huxley,2
dataproperty,2
logging_utils,2
cogent,2
tito,2
singleton,2
boxbranding,2
phe,2
load_data,2
xvfbwrapper,2
scriptCommon,2
datafunctions,2
libxslt,2
quantities,2
cleanup,2
terminaltables,2
monasca_common,2
task_registration_server,2
sphinx_testing,2
plasma,2
crossovered_analytic,2
mozi,2
uiautomator,2
Runner,2
history_tests,2
VAE_Z_X_Y,2
BaseArmKvmCPU,2
aggregator,2
numdifftools,2
timeseries,2
sphinx_py3doc_enhanced_theme,2
surfer,2
xterm_save,2
eventful_dict,2
transforms,2
annotator,2
rekall,2
subliminal,2
nsiqunittest,2
libopensesame,2
bytecode,2
pyresample,2
disqusapi,2
qa,2
zake,2
test_pb2,2
xode,2
shader,2
let,2
vine,2
dingus,2
playbackutils,2
blaze,2
jug,2
appuifw,2
ksgold_struct,2
adder,2
glbackground,2
jobman,2
ruamel,2
eveonline,2
httpproxy,2
andbug,2
BasicRouter,2
sublime_lib,2
ofxclient,2
sphinxapi,2
redis_lock,2
javatools,2
dialogs,2
paper,2
pyslack,2
device_info,2
docextract,2
predictionio,2
monascastatsd,2
recurrence,2
el,2
pm,2
child,2
people,2
yamldoc,2
frappe,2
_data,2
errbot,2
disqus,2
argcomplete,2
ice,2
wsgidav,2
grt,2
static_precompiler,2
libhfst,2
vonmises_cython,2
cpyutils,2
to,2
pinutils,2
nude,2
airtest,2
sexp,2
ksgold_data_type,2
oic,2
djangopypi,2
appium,2
flask_sslify,2
naming,2
ocpcaerror,2
gateways,2
palettable,2
Scripting,2
gnomemusic,2
basecontroller,2
sip_parser,2
clickclick,2
virt_vm,2
testcase,2
prompt,2
flup,2
characters,2
scribe,2
settingsdialog,2
TestCase,2
play_services,2
did,2
pycalico,2
pycodestyle,2
tui,2
snap,2
utils_test,2
columnize,2
commondialogs,2
opentamiltests,2
clientinfo,2
geomath,2
PyMata,2
autumn,2
Products,2
mmd_tools,2
_mysql,2
make_ctocpp_header,2
mixins,2
_nd_image,2
fix_encoding,2
FemMeshTools,2
cclib,2
symlink,2
pygsm,2
gui_rc,2
invenio_db,2
ipv4,2
poster,2
pychart_util,2
marrow,2
pycket,2
mygreatresource,2
see,2
mb,2
p2pool,2
pygithub3,2
CGATPipelines,2
s3theme,2
kpm,2
gaussian,2
object_set,2
dronin,2
pywsman,2
scm_impl,2
shibboleth,2
edge,2
emcaproj,2
tkSimpleDialog,2
aqbot,2
generate_pointcloud_from_rgbd_bag_module,2
_getdoctarget,2
mod_utils,2
expr,2
orderedmultidict,2
dockerjob,2
People,2
win32evtlog,2
web_app,2
knesset_data,2
test_server,2
araby_constants,2
stun,2
pypet,2
notify2,2
_common,2
cron_servlet,2
neat,2
chunks,2
review,2
gscreen,2
macresource,2
libxml2mod,2
res_pd_rpc,2
GlobalConst,2
mail_thread,2
pubsublogger,2
managed_user_specifics_pb2,2
fake_filesystem_glob_test,2
plotter,2
category,2
dbtest,2
ed,2
reset_color,2
cnl,2
pdfcolor,2
idl_compiler,2
ec2,2
oauth_provider,2
ggplot,2
WeightInstance,2
bitmath,2
result,2
misaka,2
demoitem,2
EnumExporter,2
prometheus_client,2
keyedcache,2
textmanager,2
constant,2
fuelweb_test,2
permission,2
toolshed,2
visgraph,2
django_nyt,2
Renderer,2
lockdown,2
txclib,2
vk,2
add_node_to_ncm,2
network_dialog,2
data_handling,2
apc,2
il,2
httpserver,2
commctrl,2
rpc_pb2,2
hadoop,2
des,2
obsolete,2
coffee,2
xxd,2
Tensor,2
navigation,2
coriolis,2
range_dict,2
senlinclient,2
modjy_input,2
tool,2
ranges,2
vnksotptd,2
immlib,2
emulation,2
moviepy,2
SoftwareTools,2
decsel,2
PythonQt,2
Animals,2
defer,2
requests_toolbelt,2
guiutil,2
UM,2
hyperdex,2
xlog,2
optparser,2
OCP,2
word2vec,2
bulbs,2
external,2
programmingwithdocuments,2
mobile_api,2
recon,2
myshop,2
connector,2
nmt,2
SipAddress,2
chromeos,2
st2_handler,2
quaternion,2
harmony,2
pyesgf,2
password_specifics_pb2,2
Maps,2
ronkyuu,2
decfi,2
scruffy,2
cnv_store,2
update_goal,2
zopkio,2
Server,2
pyensembl,2
missing,2
anna,2
pyexcel,2
myutils,2
raster,2
taipan,2
teambition,2
cuddlefish,2
digits,2
mojo_bindings,2
moksha,2
LogPanel,2
snakemake,2
mavtemplate,2
not,2
crm_merge_opportunities,2
mainwindow_rc,2
rflib,2
themes,2
libraries,2
line_style,2
lm,2
Storage,2
simplify,2
pycon,2
Vector,2
lapack,2
h2o_jobs,2
pygr,2
permabots,2
decoders,2
exec_util,2
templar,2
FunctionExporter,2
binascii_plus,2
learn,2
carbon,2
stem,2
eventsourcing,2
sip_agent,2
aud,2
mock_utxo_provider,2
threadlocals,2
pkg1,2
mx_findbugs,2
cython_double_integrators,2
galsim,2
session_specifics_pb2,2
gatspy,2
ind,2
Testing,2
biicode,2
h2o_import,2
pandas_ml,2
weboob,2
vmwarelib,2
mpf,2
hostapd,2
libsaas,2
ocpcaproj,2
h2,2
templevel,2
academicmarkdown,2
directories,2
header,2
pyplusplus,2
vincent,2
xhtml2pdf,2
pd_base_tests,2
base_ui,2
chrome,2
typed_url_specifics_pb2,2
fake_filesystem_vs_real_test,2
featureConfig,2
country_dialcode,2
scrape,2
funfactory,2
block,2
UI,2
batch,2
opcodes,2
IN,2
trepan,2
bormeparser,2
s3datetime,2
neutron_fwaas,2
bilibili,2
uavo,2
PackageVariable,2
notification_prefs,2
travispy,2
rapidjson,2
dexml,2
munch,2
javabridge,2
isort,2
Drawing,2
SphinxParams,2
hr_payroll_account,2
coinbase,2
ech,2
markers,2
ajax,2
mforms,2
pyang,2
common_imports,2
kodiUtilities,2
solo,2
django_lets_go,2
pgmpy,2
numarray,2
unicodeutils,2
Property_File_Error,2
sip_transaction_manager,2
iksemel,2
MaltegoTransform,2
hr_recruitment_report,2
data_manager,2
BIOF1Validation,2
product_pricelist,2
deposit,2
webargs,2
cuf,2
analyzer,2
fabmetheus_utilities,2
clapack,2
fontMath,2
geodata,2
fail2ban,2
pyhsmm,2
nodefunctions,2
twine,2
ipfsApi,2
server_modules,2
TBinaryProtocol,2
property_set,2
magicsig,2
priority_preference_specifics_pb2,2
proc_maps,2
vmsfs,2
jellyfish,2
training,2
chai,2
spitfire,2
cpl,2
Downloader,2
solvers,2
llvmlite,2
screen,2
mlpy,2
attrdict,2
phases,2
ncm_execute_script,2
rpcclient,2
test_project,2
ide,2
globalvars,2
image_cropping,2
inspyred,2
mastermind,2
rplibs,2
telnet,2
parakeet,2
fred,2
chart,2
hid,2
cmdutil,2
tap,2
h2o_summ,2
bcolors,2
splunklib,2
sysdata,2
hedwig,2
addr_util,2
rtslib,2
CodeExporter,2
find_runtime_symbols,2
bootstrap3,2
gini,2
upgrade_common,2
alerts,2
common_report_header,2
axdebug,2
happyforms,2
mistralclient,2
scout,2
json_field,2
bottle_utils,2
user_data,2
wpaspy,2
digitalocean,2
ImageWizard,2
rm,2
ir_exports,2
team,2
_string,2
pyzabbix,2
mysite,2
taiga,2
khal,2
subindextable,2
radix,2
_pjsua,2
tingbot,2
dmidecode,2
branch,2
cart,2
livesettings,2
Poll,2
coloredlogs,2
nsiqcppstyle_reporter,2
ocplib,2
mypackage,2
durus,2
addonbuilder,2
extendable,2
arraysetops,2
SoftLayer,2
data_helpers,2
editortools,2
seoa,2
pypandoc,2
bowcaster,2
jupyter_client,2
sc2reader,2
wokkel,2
nattraverso,2
vpa,2
mamba,2
minify,2
confusionmatrix,2
quokka,2
_core,2
varcode,2
pygrib,2
emitter,2
fitsio,2
ga_resources,2
gnu,2
miniboa,2
gzipstream,2
blas,2
experiment,2
pyhive,2
tackerclient,2
django_mock_queries,2
deepy,2
bugwarrior,2
perf_tests_results_helper,2
list_sdk_verb_args,2
escargs,2
hardware,2
plotting,2
ladybug,2
Spreadsheet,2
servermanager,2
timezone_field,2
kerberos,2
cmt,2
feedback,2
num2words,2
nilmtk,2
pathspec,2
fake_filesystem_shutil_test,2
snakebite,2
project_issue_report,2
Assembly,2
sphinxcontrib,2
pyo,2
temba,2
amountedit,2
sqlbuilder,2
Tkconstants,2
fedora,2
rst2pdf,2
pygst,2
Adafruit_LEDBackpack,2
ezodf,2
abstract_report,2
saved_searches,2
databases,2
salesforce,2
reddit,2
tracker,2
minica,2
uber_rides,2
sparkts,2
user_output,2
neon,2
auxfuncs,2
factlib,2
fluff,2
ir_model,2
tracefilter,2
testbinding,2
esccmd,2
syscore,2
ebnf,2
organization,2
htpc,2
libcomxml,2
UaStateGeneric,2
crontabber,2
uri,2
ocpcaprivate,2
lts_data_type,2
s3ql,2
extern,2
kobo,2
genutil,2
cfuncs,2
GermEvalReader,2
mongoalchemy,2
parse_type,2
userclient,2
hdfs3,2
msrest,2
template_engine,2
idutils,2
exporterutils,2
circuit,2
Adafruit_CharLCD,2
common_tests,2
and,2
jsonld_context,2
entropy,2
fuma,2
rs,2
WebStudioLib,2
qmp,2
crm_lead_to_opportunity,2
account_invoice,2
DraftVecUtils,2
s3fields,2
DIRAC,2
run_shell_cmd,2
gmusicapi,2
extras,2
embydb_functions,2
flask_babelex,2
decimal_precision,2
logan,2
jolokia,2
bar_plot_doc,2
ussclicore,2
openstack_auth,2
Network,2
image_tools,2
libpebble2,2
diff_cover,2
rlcompleter,2
nogotofail,2
toolium,2
iface,2
chronos,2
tropo,2
django_downloadview,2
troveclient,2
tracing_project,2
txsockjs,2
graph_view,2
turbo,2
app_specifics_pb2,2
qtpy,2
pyebset,2
tryton,2
uwsgi,2
systemd,2
fill_style,2
discovery,2
axolotl,2
backports,2
ocppaths,2
ipwhois,2
openfmri_utils,2
CGAT,2
restapi,2
subscription,2
managed_user_shared_setting_specifics_pb2,2
mining,2
codegen,2
sasl,2
arakoon_system_tests,2
spockbot,2
virttest,2
weave_test_utils,2
peewee_async,2
tangelo,2
netsnmp,2
pylms,2
dslib,2
stdlib,2
util_functions,2
flask_user,2
matrix,2
libscores,2
crochet,2
commando,2
hurry,2
note_pad,2
video_recorder,2
shared_module,2
restargs,2
roi_data_layer,2
javatests,2
idl_reader,2
autoconf,2
nested_dict,2
matlab_wrapper,2
plaso,2
GPy,2
nefertari,2
Utility,2
fluidity,2
pcd8544,2
shinken,2
etc,2
theme_specifics_pb2,2
futil,2
gclient_util,2
os_client_config,2
pusher,2
ckanext,2
django_enumfield,2
cloud_storage_test_base,2
documents,2
lex,2
galry,2
aiohttp_jinja2,2
file2,2
vnksotpmd,2
xstruct,2
stravalib,2
hpr,2
Updater,2
Show,2
obd_sensors,2
idl_namespace,2
sanpera,2
pricing,2
schema_salad,2
index_runner,2
papers,2
nmrglue,2
hyperspy,2
viewflow,2
gmpy2,2
MC,2
ImageFont,2
A_objects,2
b,2
weka,2
msrestazure,2
ldapdb,2
collada,2
hyperv,2
nameparser,2
address,2
ciscoconfparse,2
dali,2
replaygain,2
ete3,2
phantomjs,2
amacro,2
pyslurm,2
cells,2
make_gypi_file,2
history_delete_directive_specifics_pb2,2
fastserializer,2
z,2
plat,2
TriviaMVAApp,2
pynmea2,2
h2o_hosts,2
smname,2
networking_plumgrid,2
specs,2
dnet,2
cup,2
hpa,2
parsley,2
ec2parsers,2
fretwork,2
mailchimp,2
couchapp,2
controls,2
gwt,2
geonode,2
ljd,2
cloudbaseinit,2
otopi,2
escutil,2
perfkitbenchmarker,2
bayeslite,2
bcbio,2
flask_cors,2
app_notification_specifics_pb2,2
protoc_lib_deps,2
luminol,2
ad,2
pomegranate,2
modeltests,2
parmed,2
multicorn,2
customhandlers,2
parted,2
ibus,2
Wizard,2
trakt,2
pybtex,2
praatio,2
w_utils,2
automl_lib,2
dejavu,2
alphabet,2
Registry,2
tax,2
server_test,2
irispy,2
imutils,2
vistrails,2
turnstile,2
cht,2
cub,2
decset_tite_inhibit,2
decstbm,2
ipywidgets,2
comun,2
libqtopensesame,2
segment,2
SFTc,2
wicd,2
grow,2
udata,2
sending,2
OCC,2
mod_pbxproj,2
is_valid_ip,2
stubs,2
macsupport,2
Gui,2
hashlist,2
chart_object,2
boost,2
owncloud,2
powerline,2
rest_framework_filters,2
hwsim_utils,2
adal,2
omniORB,2
dlib,2
gcode,2
mouse,2
filelog,2
ctaBase,2
ksotpDataType,2
ure,2
hmm,2
tornado_mysql,2
numpy_eigen,2
venv,2
fbone,2
minions,2
Transformer,2
ipykernel,2
function,2
Agent,2
Y,2
publication,2
_pydevd_bundle,2
kmodes,2
classification,2
amcat,2
fauxfactory,2
toscaparser,2
fusil,2
readthedocs,2
sknn,2
root,2
youku,2
wabs_integration_help,2
mapnik,2
appvalidator,2
EnumVariable,2
animation,2
completers,2
gargoyle,2
ed25519,2
tweet,2
probability,2
flask_restless,2
yappi,2
staticgenerator,2
django_libs,2
pymarc,2
credentials,2
sale,2
h,2
cud,2
ir_rule,2
ir_fields,2
puremvc,2
background,2
aslist,2
ref_resolver,2
climateclient,2
patchwork,2
livestreamer,2
vtGateway,2
esc,2
regparser,2
journal,2
euclid,2
us,2
asserts,2
userena,2
space,2
GPUVAE_Z_X,2
ratelimitbackend,2
pykml,2
flower,2
PartDesign,2
u2flib_server,2
charts,2
ochopod,2
ParseDig,2
simplemerge,2
xterm_winops,2
imagecube,2
highlevelcrypto,2
test_variables,2
orngStat,2
pyfaidx,2
h2o_args,2
FieldTrip,2
intelmq,2
pyquickhelper,2
nameserver_list,2
djng,2
props,2
accounting,2
flywheel,2
dss,2
kernel,2
baxter_interface,2
phase,2
cql,2
datasource,2
CircularInheritance,2
GoodFET,2
cython_double_maths,2
report_paperformat,2
google_account,2
ensemble,2
widget_tests,2
openbsd,2
cm,2
planning,2
arakoon,2
colormath,2
realtime,2
workspace_tools,2
cexceptions,2
gallery,2
importsDefinesX,2
zabbix_api,2
pplot,2
biggus,2
Platform,2
interactive,2
rrdtool,2
djcelery_transactions,2
gffutils,2
dihedral,2
vdb,2
bigfile,2
seob,2
telepathy,2
pdftypes,2
comet,2
SConscript,2
PathVariable,2
testglobals,2
hr,2
fake_filesystem_unittest_test,2
kitchen,2
duo_client,2
librarian,2
wafsamba,2
cjdnsadmin,2
graph_utils,2
ngram,2
example_panes,2
sqlobject,2
rlpy,2
update_doc_utils,2
github2,2
edx_user_state_client,2
contrib,2
globs,2
geotypes,2
tilequeue,2
redis_cache,2
TorCtl,2
net_configs,2
rrd,2
ascii_graph,2
serialize,2
freezethaw,2
request_mock_data,2
sparklingpandas,2
expect,2
Imath,2
gribapi,2
currencies,2
decomp_svd,2
h2o_glm,2
KaggleWord2VecUtility,2
structs,2
classifiers,2
ckeditor_uploader,2
deccra,2
ff,2
plugnplay,2
channels,2
jmri,2
cocos,2
songdb,2
ai,2
mapproxy,2
distribute_setup,2
include,2
elliptics,2
ming,2
Cocoa,2
path_utils,2
synced_notification_specifics_pb2,2
styles,2
security_monkey,2
orgs,2
BoolVariable,2
sseclient,2
ofproto_parser,2
uforge,2
kivymd,2
hal_filechooser,2
windmill,2
patch,2
pytmx,2
bgenlocations,2
xsvalUtils,2
MPI_knee,2
testrec,2
depot_tools,2
change_color,2
ir_translation,2
rest_hooks,2
teamcity,2
mongokit,2
fetcher,2
theanets,2
pystruct,2
client_commands_pb2,2
peers,2
movies,2
proton,2
mozlog,2
depths,2
sift,2
zulip,2
pystachio,2
pybars,2
dcode,2
test_support,2
gedit,2
www,2
deepin_utils,2
get_updates_caller_info_pb2,2
test_feeds,2
nervanagpu,2
Camera,2
traces,2
su,2
current_view,2
configlib,2
libglibcodegen,2
soapfish,2
f77,2
_locale,2
parity_problem,2
Service,2
cubit,2
poly3,2
plex,2
webkit,2
main_window,2
idiokit,2
drf_cached_instances,2
ConfigDir,2
timecode,2
module_locator,2
status_ui,2
zato,2
dbindexer,2
make,2
spec,2
newsfeed,2
dnf,2
pynag,2
sendrecv,2
dronekit,2
extension_specifics_pb2,2
test_metadata,2
u,2
sim,2
pyrocore,2
authy,2
providers,2
frame_convert,2
newsmeme,2
hexchat,2
frozendict,2
urbandict,2
testing_helpers,2
injector,2
_exception,2
frontera,2
TftpPacketTypes,2
grovepi,2
uvloop,2
dictionary_specifics_pb2,2
picklable_itertools,2
revproxy,2
win32net,2
relative_note_net,2
dl,2
django_mysql,2
is_valid_ip_port,2
pydot,2
dagutil,2
hackedit,2
VAE_Z_X,2
pymbar,2
sensors,2
gmpy,2
twitter_monitor,2
decoder,2
KerasLayer,2
concepts,2
hawkey,2
reset_special_color,2
z3c,2
CanvasManager,2
base_studio_test,2
sshuttle,2
_utils,2
afxres,2
toolchain,2
opera,2
WebStudioUtil,2
cors,2
samplepackage,2
decscl,2
ir_sequence,2
placeholder,2
congressclient,2
calc_lwork,2
elsim,2
mockredis,2
registers,2
reg,2
ocpuser,2
itk,2
blockchain,2
idl_gen_wrapper,2
theil,2
health_commands,2
pyficache,2
yorm,2
workspace,2
dukpy,2
uiBasicWidget,2
sumy,2
RateLimiter,2
shellhelpers,2
recommends,2
crate,2
flaskapp,2
GCCXMLParser,2
FemInputWriter,2
win32netcon,2
decstr,2
Importer,2
colored,2
activities,2
vikit_py,2
SimPEG,2
openfisca_core,2
geventwebsocket,2
clogger,2
search_engine_specifics_pb2,2
cflib,2
canari,2
newsletter,2
apic_ml2,2
curriculum,2
pullparser,2
groups,2
get_week_boundaries,2
input,2
apikit,2
BT1,2
analytic_contract_hr_expense,2
flameclient,2
legend,2
prices,2
echo_message,2
retry,2
robust,2
rlextra,2
changes,2
wal_e,2
provisioning,2
pyscf,2
c2cgeoportal,2
xbrowse,2
zengine,2
django_openid_auth,2
pithos,2
gameloop,2
prepare_symbol_info,2
marisa_trie,2
axes,2
WatchmanTestCase,2
rules_parser,2
evdev,2
FCFileTools,2
image_processing,2
libvirtkvm,2
cbt,2
oword,2
ui_mainwindow,2
Node,2
_curses,2
AccessControl,2
follow,2
Rpyc,2
s3menus,2
iptools,2
build_tools,2
bolt,2
aliyun,2
wakatime,2
passwords,2
serializable,2
simplestyle,2
favicon_tracking_specifics_pb2,2
nigori_specifics_pb2,2
mapbox,2
datetime_strftime,2
nexus,2
sciluigi,2
da,2
e,2
radical,2
noise,2
h2o_print,2
bcc,2
morituri,2
libmproxy,2
staticconf,2
distributed,2
sphinx_readable_theme,2
FL,2
mixbox,2
baseTools,2
rcc,2
pywbem,2
PcxImagePlugin,2
task_controller,2
keywordgroup,2
nose_helper,2
basetest,2
eventType,2
tzinfo,2
orders,2
vpr,2
ir_cron,2
ir_filters,2
strings,2
import_map,2
vtFunction,2
ipalib,2
onl,2
lfutil,2
plots,2
ocr,2
wordpress,2
ansiblelint,2
taxonomy,2
IO,2
pi3d,2
process_tests,2
htmresearch,2
install,2
parseval,2
Draft_rc,2
rtconf,2
admin,2
globus_sdk,2
pythonic_testcase,2
pubnub,2
polyglot,2
wcwidth,2
pythonwhois,2
unicornhat,2
hueversion,2
check,2
descartes,2
importZ88Mesh,2
box,2
failure,2
genty,2
buffpy,2
pgu,2
dir,2
feeds,2
shared_dataverse_information,2
icu,2
core_types,2
kernels,2
libNeuroProofPriority,2
lunch_validation,2
nsiqcppstyle_rulehelper,2
pyobjus,2
eulxml,2
Maraschino,2
djangojs,2
_setup,2
FrameWork,2
neural_network,2
scraper,2
__,2
ansirc,2
debugEvent,2
tvb,2
pysearpc,2
networking_utils_base_test_case,2
kronos,2
presubmit_util,2
operation,2
ocl,2
nassl,2
transit,2
err,2
nanomsg,2
glumpy,2
g_sorcery,2
iterators,2
mama_cas,2
lisp,2
sync_enums_pb2,2
drake,2
basestore,2
zeroconf,2
smartypants,2
offlineimap,2
cron,2
navigator,2
js,2
scantools,2
adapt,2
pyga,2
decsera,2
ir_logging,2
libtcodpy,2
local,2
py2app,2
swf,2
members,2
cmdline_test_data,2
crm,2
catan,2
conn_quality,2
pooler,2
flex,2
pyinstrument,2
sina,2
pynab,2
bulk_email,2
purchase_order,2
bootstrap3_datetime,2
aioes,2
cloud_sptheme,2
primitives,2
column,2
keyboard,2
quaternions,2
escio,2
tank,2
testrec3,2
task_report,2
BackupRestore,2
skeinforge_application,2
course_material,2
postmark,2
libtpcodegen,2
pptx,2
scmutil,2
pydsa,2
extract_histograms,2
skew,2
bsddb,2
problems,2
oletools,2
pgmagick,2
straight,2
django_comments,2
bounds,2
spatial,2
common_lib,2
psd_matrices,2
merc,2
dfwinreg,2
ScrolledText,2
input_data,2
test_errors,2
django_q,2
django_date_extensions,2
_lsprof,2
ListVariable,2
websockify,2
purl,2
spectralinit,2
memoize,2
burp,2
bl_ui,2
polyutils,2
sarge,2
dugong,2
cmdhelper,2
macro,2
dihedral_fast,2
make_capi_header,2
klepto,2
playlist,2
checkers,2
submission,2
rfb,2
StaticAnalyzer,2
webcolors,2
qframer,2
salmon,2
sonLib,2
baidubce,2
